,ds,y,yhat,yhat_lower,yhat_upper,week,site,job_family_description,overtime(%),y_hat_overtime
1,2017-01-02,2002,1939,1499,2371,1,St Paul's Hospital,Registered Nurse-DC1,0.15,291
2,2017-01-09,2040,1975,1538,2410,2,St Paul's Hospital,Registered Nurse-DC1,0.26,514
3,2017-01-16,2082,1964,1537,2410,3,St Paul's Hospital,Registered Nurse-DC1,0.26,511
4,2017-01-23,2062,1918,1488,2332,4,St Paul's Hospital,Registered Nurse-DC1,0.05,96
5,2017-01-30,2048,1893,1467,2333,5,St Paul's Hospital,Registered Nurse-DC1,0.08,151
6,2017-02-06,1865,1913,1490,2350,6,St Paul's Hospital,Registered Nurse-DC1,0.39,746
7,2017-02-13,2054,1954,1524,2378,7,St Paul's Hospital,Registered Nurse-DC1,0.04,78
8,2017-02-20,1966,1982,1548,2412,8,St Paul's Hospital,Registered Nurse-DC1,0.2,396
9,2017-02-27,1948,1997,1579,2427,9,St Paul's Hospital,Registered Nurse-DC1,0.08,160
10,2017-03-06,1982,2015,1591,2441,10,St Paul's Hospital,Registered Nurse-DC1,0.31,625
11,2017-03-13,2127,2029,1602,2452,11,St Paul's Hospital,Registered Nurse-DC1,0.12,243
12,2017-03-20,2076,2006,1574,2435,12,St Paul's Hospital,Registered Nurse-DC1,0.07,140
13,2017-03-27,1957,1941,1512,2368,13,St Paul's Hospital,Registered Nurse-DC1,0.23,446
14,2017-04-03,2091,1885,1449,2310,14,St Paul's Hospital,Registered Nurse-DC1,0.29,547
15,2017-04-10,1669,1899,1469,2339,15,St Paul's Hospital,Registered Nurse-DC1,0.16,304
16,2017-04-17,2124,1981,1557,2414,16,St Paul's Hospital,Registered Nurse-DC1,0.07,139
17,2017-04-24,2298,2058,1633,2490,17,St Paul's Hospital,Registered Nurse-DC1,0.32,659
18,2017-05-01,2208,2065,1641,2496,18,St Paul's Hospital,Registered Nurse-DC1,0.36,743
19,2017-05-08,2287,2013,1571,2446,19,St Paul's Hospital,Registered Nurse-DC1,0.29,584
20,2017-05-15,1928,1979,1559,2411,20,St Paul's Hospital,Registered Nurse-DC1,0.07,139
21,2017-05-22,2211,2005,1581,2437,21,St Paul's Hospital,Registered Nurse-DC1,0.06,120
22,2017-05-29,2055,2057,1631,2484,22,St Paul's Hospital,Registered Nurse-DC1,0.3,617
23,2017-06-05,2164,2069,1635,2510,23,St Paul's Hospital,Registered Nurse-DC1,0.12,248
24,2017-06-12,2008,2028,1609,2462,24,St Paul's Hospital,Registered Nurse-DC1,0.17,345
25,2017-06-19,2185,1992,1565,2426,25,St Paul's Hospital,Registered Nurse-DC1,0.28,558
26,2017-06-26,2106,2013,1590,2438,26,St Paul's Hospital,Registered Nurse-DC1,0.25,503
27,2017-07-03,2213,2072,1651,2501,27,St Paul's Hospital,Registered Nurse-DC1,0.36,746
28,2017-07-10,2097,2102,1686,2527,28,St Paul's Hospital,Registered Nurse-DC1,0.25,526
29,2017-07-17,2087,2077,1637,2503,29,St Paul's Hospital,Registered Nurse-DC1,0.39,810
30,2017-07-24,2051,2040,1621,2468,30,St Paul's Hospital,Registered Nurse-DC1,0.37,755
31,2017-07-31,1872,2047,1623,2499,31,St Paul's Hospital,Registered Nurse-DC1,0.37,757
32,2017-08-07,2169,2091,1665,2530,32,St Paul's Hospital,Registered Nurse-DC1,0.03,63
33,2017-08-14,2285,2112,1681,2535,33,St Paul's Hospital,Registered Nurse-DC1,0.2,422
34,2017-08-21,2146,2076,1643,2502,34,St Paul's Hospital,Registered Nurse-DC1,0.32,664
35,2017-08-28,2076,2024,1583,2458,35,St Paul's Hospital,Registered Nurse-DC1,0.23,466
36,2017-09-04,2078,2025,1604,2463,36,St Paul's Hospital,Registered Nurse-DC1,0.36,729
37,2017-09-11,2264,2085,1644,2511,37,St Paul's Hospital,Registered Nurse-DC1,0.16,334
38,2017-09-18,2128,2141,1707,2571,38,St Paul's Hospital,Registered Nurse-DC1,0.09,193
39,2017-09-25,2272,2129,1707,2552,39,St Paul's Hospital,Registered Nurse-DC1,0.29,617
40,2017-10-02,1925,2067,1647,2496,40,St Paul's Hospital,Registered Nurse-DC1,0.2,413
41,2017-10-09,2200,2028,1600,2438,41,St Paul's Hospital,Registered Nurse-DC1,0.04,81
42,2017-10-16,2067,2042,1612,2476,42,St Paul's Hospital,Registered Nurse-DC1,0.34,694
43,2017-10-23,2129,2065,1631,2503,43,St Paul's Hospital,Registered Nurse-DC1,0.1,207
44,2017-10-30,2093,2035,1614,2462,44,St Paul's Hospital,Registered Nurse-DC1,0.24,488
45,2017-11-06,1906,1967,1530,2399,45,St Paul's Hospital,Registered Nurse-DC1,0.27,531
46,2017-11-13,2200,1944,1520,2373,46,St Paul's Hospital,Registered Nurse-DC1,0.31,603
47,2017-11-20,2298,2018,1585,2448,47,St Paul's Hospital,Registered Nurse-DC1,0.37,747
48,2017-11-27,2090,2140,1712,2573,48,St Paul's Hospital,Registered Nurse-DC1,0.31,663
49,2017-12-04,2206,2201,1770,2642,49,St Paul's Hospital,Registered Nurse-DC1,0.32,704
50,2017-12-11,2234,2149,1730,2569,50,St Paul's Hospital,Registered Nurse-DC1,0.17,365
51,2017-12-18,2070,2041,1620,2462,51,St Paul's Hospital,Registered Nurse-DC1,0.36,735
52,2017-12-25,1736,1686,1317,2072,52,St Paul's Hospital,Registered Nurse-DC1,0.28,472
1,2017-01-02,141,154,60,246,1,St Paul's Hospital,Registered Nurse-DC2A Sup,0.17,26
2,2017-01-09,128,155,64,248,2,St Paul's Hospital,Registered Nurse-DC2A Sup,0.18,28
3,2017-01-16,112,154,61,246,3,St Paul's Hospital,Registered Nurse-DC2A Sup,0.17,26
4,2017-01-23,94,149,56,240,4,St Paul's Hospital,Registered Nurse-DC2A Sup,0.3,45
5,2017-01-30,99,146,53,238,5,St Paul's Hospital,Registered Nurse-DC2A Sup,0.05,7
6,2017-02-06,98,149,58,239,6,St Paul's Hospital,Registered Nurse-DC2A Sup,0.03,4
7,2017-02-13,88,158,66,248,7,St Paul's Hospital,Registered Nurse-DC2A Sup,0.4,63
8,2017-02-20,121,167,77,257,8,St Paul's Hospital,Registered Nurse-DC2A Sup,0.27,45
9,2017-02-27,112,170,77,262,9,St Paul's Hospital,Registered Nurse-DC2A Sup,0.08,14
10,2017-03-06,139,167,75,260,10,St Paul's Hospital,Registered Nurse-DC2A Sup,0.04,7
11,2017-03-13,107,160,68,254,11,St Paul's Hospital,Registered Nurse-DC2A Sup,0.32,51
12,2017-03-20,131,155,65,249,12,St Paul's Hospital,Registered Nurse-DC2A Sup,0.29,45
13,2017-03-27,92,153,60,243,13,St Paul's Hospital,Registered Nurse-DC2A Sup,0.28,43
14,2017-04-03,134,154,65,245,14,St Paul's Hospital,Registered Nurse-DC2A Sup,0.12,18
15,2017-04-10,102,157,64,250,15,St Paul's Hospital,Registered Nurse-DC2A Sup,0.1,16
16,2017-04-17,143,161,70,251,16,St Paul's Hospital,Registered Nurse-DC2A Sup,0.19,31
17,2017-04-24,154,165,75,255,17,St Paul's Hospital,Registered Nurse-DC2A Sup,0.26,43
18,2017-05-01,107,168,76,260,18,St Paul's Hospital,Registered Nurse-DC2A Sup,0.13,22
19,2017-05-08,110,171,80,264,19,St Paul's Hospital,Registered Nurse-DC2A Sup,0.18,31
20,2017-05-15,110,175,82,265,20,St Paul's Hospital,Registered Nurse-DC2A Sup,0.06,11
21,2017-05-22,142,178,88,270,21,St Paul's Hospital,Registered Nurse-DC2A Sup,0.23,41
22,2017-05-29,125,178,86,270,22,St Paul's Hospital,Registered Nurse-DC2A Sup,0.01,2
23,2017-06-05,144,175,85,269,23,St Paul's Hospital,Registered Nurse-DC2A Sup,0.05,9
24,2017-06-12,127,172,79,262,24,St Paul's Hospital,Registered Nurse-DC2A Sup,0.13,22
25,2017-06-19,169,171,79,261,25,St Paul's Hospital,Registered Nurse-DC2A Sup,0.2,34
26,2017-06-26,153,175,84,267,26,St Paul's Hospital,Registered Nurse-DC2A Sup,0.04,7
27,2017-07-03,155,180,92,273,27,St Paul's Hospital,Registered Nurse-DC2A Sup,0,0
28,2017-07-10,151,184,91,276,28,St Paul's Hospital,Registered Nurse-DC2A Sup,0.25,46
29,2017-07-17,134,186,95,278,29,St Paul's Hospital,Registered Nurse-DC2A Sup,0.31,57
30,2017-07-24,179,187,94,276,30,St Paul's Hospital,Registered Nurse-DC2A Sup,0.25,47
31,2017-07-31,143,191,100,283,31,St Paul's Hospital,Registered Nurse-DC2A Sup,0.22,42
32,2017-08-07,167,196,103,288,32,St Paul's Hospital,Registered Nurse-DC2A Sup,0.17,33
33,2017-08-14,148,196,103,287,33,St Paul's Hospital,Registered Nurse-DC2A Sup,0.04,8
34,2017-08-21,158,190,98,282,34,St Paul's Hospital,Registered Nurse-DC2A Sup,0.12,23
35,2017-08-28,124,182,89,274,35,St Paul's Hospital,Registered Nurse-DC2A Sup,0.22,40
36,2017-09-04,128,179,89,275,36,St Paul's Hospital,Registered Nurse-DC2A Sup,0.06,11
37,2017-09-11,156,184,91,274,37,St Paul's Hospital,Registered Nurse-DC2A Sup,0.13,24
38,2017-09-18,140,188,98,280,38,St Paul's Hospital,Registered Nurse-DC2A Sup,0.32,60
39,2017-09-25,140,185,92,277,39,St Paul's Hospital,Registered Nurse-DC2A Sup,0.18,33
40,2017-10-02,102,176,84,270,40,St Paul's Hospital,Registered Nurse-DC2A Sup,0.16,28
41,2017-10-09,137,169,77,264,41,St Paul's Hospital,Registered Nurse-DC2A Sup,0.1,17
42,2017-10-16,130,171,79,263,42,St Paul's Hospital,Registered Nurse-DC2A Sup,0.37,63
43,2017-10-23,139,177,84,267,43,St Paul's Hospital,Registered Nurse-DC2A Sup,0.04,7
44,2017-10-30,121,180,86,274,44,St Paul's Hospital,Registered Nurse-DC2A Sup,0.33,59
45,2017-11-06,132,173,81,265,45,St Paul's Hospital,Registered Nurse-DC2A Sup,0.03,5
46,2017-11-13,121,163,72,257,46,St Paul's Hospital,Registered Nurse-DC2A Sup,0.3,49
47,2017-11-20,154,159,68,249,47,St Paul's Hospital,Registered Nurse-DC2A Sup,0,0
48,2017-11-27,141,165,73,260,48,St Paul's Hospital,Registered Nurse-DC2A Sup,0.23,38
49,2017-12-04,95,175,85,265,49,St Paul's Hospital,Registered Nurse-DC2A Sup,0.39,68
50,2017-12-11,131,180,91,273,50,St Paul's Hospital,Registered Nurse-DC2A Sup,0.12,22
51,2017-12-18,157,177,87,267,51,St Paul's Hospital,Registered Nurse-DC2A Sup,0.21,37
52,2017-12-25,133,144,65,223,52,St Paul's Hospital,Registered Nurse-DC2A Sup,0.09,13
1,2017-01-02,90,104,20,186,1,St Paul's Hospital,Registered Nurse-DC2B,0.27,29
2,2017-01-09,103,94,10,178,2,St Paul's Hospital,Registered Nurse-DC2B,0.06,6
3,2017-01-16,92,91,6,174,3,St Paul's Hospital,Registered Nurse-DC2B,0.37,33
4,2017-01-23,96,91,7,175,4,St Paul's Hospital,Registered Nurse-DC2B,0,0
5,2017-01-30,100,89,4,174,5,St Paul's Hospital,Registered Nurse-DC2B,0.08,7
6,2017-02-06,84,86,1,171,6,St Paul's Hospital,Registered Nurse-DC2B,0.32,28
7,2017-02-13,101,86,1,171,7,St Paul's Hospital,Registered Nurse-DC2B,0.07,6
8,2017-02-20,96,89,3,176,8,St Paul's Hospital,Registered Nurse-DC2B,0.12,11
9,2017-02-27,90,95,12,182,9,St Paul's Hospital,Registered Nurse-DC2B,0,0
10,2017-03-06,113,98,12,182,10,St Paul's Hospital,Registered Nurse-DC2B,0.38,38
11,2017-03-13,135,95,14,180,11,St Paul's Hospital,Registered Nurse-DC2B,0.19,18
12,2017-03-20,112,87,1,170,12,St Paul's Hospital,Registered Nurse-DC2B,0.02,2
13,2017-03-27,128,79,0,165,13,St Paul's Hospital,Registered Nurse-DC2B,0.27,21
14,2017-04-03,121,74,0,160,14,St Paul's Hospital,Registered Nurse-DC2B,0.23,17
15,2017-04-10,93,75,0,162,15,St Paul's Hospital,Registered Nurse-DC2B,0.18,14
16,2017-04-17,96,79,0,165,16,St Paul's Hospital,Registered Nurse-DC2B,0.12,10
17,2017-04-24,92,84,0,169,17,St Paul's Hospital,Registered Nurse-DC2B,0.17,14
18,2017-05-01,93,85,0,169,18,St Paul's Hospital,Registered Nurse-DC2B,0.36,31
19,2017-05-08,114,81,0,163,19,St Paul's Hospital,Registered Nurse-DC2B,0.16,13
20,2017-05-15,84,77,0,163,20,St Paul's Hospital,Registered Nurse-DC2B,0.27,21
21,2017-05-22,119,77,0,162,21,St Paul's Hospital,Registered Nurse-DC2B,0.3,24
22,2017-05-29,87,81,0,166,22,St Paul's Hospital,Registered Nurse-DC2B,0.17,14
23,2017-06-05,118,86,0,168,23,St Paul's Hospital,Registered Nurse-DC2B,0,0
24,2017-06-12,109,86,1,168,24,St Paul's Hospital,Registered Nurse-DC2B,0.24,21
25,2017-06-19,100,81,0,165,25,St Paul's Hospital,Registered Nurse-DC2B,0.29,24
26,2017-06-26,108,78,0,162,26,St Paul's Hospital,Registered Nurse-DC2B,0.14,11
27,2017-07-03,143,81,0,167,27,St Paul's Hospital,Registered Nurse-DC2B,0.22,18
28,2017-07-10,106,90,4,175,28,St Paul's Hospital,Registered Nurse-DC2B,0.38,35
29,2017-07-17,144,100,15,183,29,St Paul's Hospital,Registered Nurse-DC2B,0.16,17
30,2017-07-24,124,108,24,193,30,St Paul's Hospital,Registered Nurse-DC2B,0.24,28
31,2017-07-31,105,115,28,202,31,St Paul's Hospital,Registered Nurse-DC2B,0.24,29
32,2017-08-07,138,121,35,205,32,St Paul's Hospital,Registered Nurse-DC2B,0.03,4
33,2017-08-14,147,124,39,210,33,St Paul's Hospital,Registered Nurse-DC2B,0.09,12
34,2017-08-21,149,120,34,206,34,St Paul's Hospital,Registered Nurse-DC2B,0.22,28
35,2017-08-28,106,105,19,191,35,St Paul's Hospital,Registered Nurse-DC2B,0.16,18
36,2017-09-04,119,88,4,173,36,St Paul's Hospital,Registered Nurse-DC2B,0.16,15
37,2017-09-11,92,78,0,163,37,St Paul's Hospital,Registered Nurse-DC2B,0.35,28
38,2017-09-18,89,78,0,165,38,St Paul's Hospital,Registered Nurse-DC2B,0.16,13
39,2017-09-25,81,84,0,169,39,St Paul's Hospital,Registered Nurse-DC2B,0.06,5
40,2017-10-02,63,86,2,171,40,St Paul's Hospital,Registered Nurse-DC2B,0.38,33
41,2017-10-09,93,82,0,167,41,St Paul's Hospital,Registered Nurse-DC2B,0.06,5
42,2017-10-16,97,78,0,160,42,St Paul's Hospital,Registered Nurse-DC2B,0.14,11
43,2017-10-23,69,80,0,165,43,St Paul's Hospital,Registered Nurse-DC2B,0.33,27
44,2017-10-30,65,85,0,172,44,St Paul's Hospital,Registered Nurse-DC2B,0.07,6
45,2017-11-06,67,86,1,174,45,St Paul's Hospital,Registered Nurse-DC2B,0.38,34
46,2017-11-13,79,79,0,165,46,St Paul's Hospital,Registered Nurse-DC2B,0.35,29
47,2017-11-20,86,72,0,157,47,St Paul's Hospital,Registered Nurse-DC2B,0.09,7
48,2017-11-27,113,74,0,160,48,St Paul's Hospital,Registered Nurse-DC2B,0.28,21
49,2017-12-04,93,89,3,175,49,St Paul's Hospital,Registered Nurse-DC2B,0.31,28
50,2017-12-11,99,108,23,195,50,St Paul's Hospital,Registered Nurse-DC2B,0.04,5
51,2017-12-18,112,117,32,205,51,St Paul's Hospital,Registered Nurse-DC2B,0.35,44
52,2017-12-25,121,95,22,166,52,St Paul's Hospital,Registered Nurse-DC2B,0.26,27
1,2017-01-02,362,375,218,532,1,Mt St Joseph,Registered Nurse-DC1,0.08,30
2,2017-01-09,402,365,208,524,2,Mt St Joseph,Registered Nurse-DC1,0.02,7
3,2017-01-16,375,357,201,511,3,Mt St Joseph,Registered Nurse-DC1,0.03,11
4,2017-01-23,367,358,203,517,4,Mt St Joseph,Registered Nurse-DC1,0.33,118
5,2017-01-30,335,372,219,533,5,Mt St Joseph,Registered Nurse-DC1,0.18,67
6,2017-02-06,332,394,241,549,6,Mt St Joseph,Registered Nurse-DC1,0.14,55
7,2017-02-13,339,413,257,570,7,Mt St Joseph,Registered Nurse-DC1,0.36,149
8,2017-02-20,384,421,265,584,8,Mt St Joseph,Registered Nurse-DC1,0.08,34
9,2017-02-27,337,423,270,580,9,Mt St Joseph,Registered Nurse-DC1,0.03,13
10,2017-03-06,350,421,265,575,10,Mt St Joseph,Registered Nurse-DC1,0.18,76
11,2017-03-13,427,416,261,573,11,Mt St Joseph,Registered Nurse-DC1,0.04,17
12,2017-03-20,359,400,245,561,12,Mt St Joseph,Registered Nurse-DC1,0.09,36
13,2017-03-27,303,373,210,526,13,Mt St Joseph,Registered Nurse-DC1,0.08,30
14,2017-04-03,345,348,190,500,14,Mt St Joseph,Registered Nurse-DC1,0.36,125
15,2017-04-10,285,339,182,496,15,Mt St Joseph,Registered Nurse-DC1,0.2,68
16,2017-04-17,385,353,194,507,16,Mt St Joseph,Registered Nurse-DC1,0.27,95
17,2017-04-24,399,375,217,535,17,Mt St Joseph,Registered Nurse-DC1,0.16,60
18,2017-05-01,339,385,226,545,18,Mt St Joseph,Registered Nurse-DC1,0.22,85
19,2017-05-08,348,375,221,533,19,Mt St Joseph,Registered Nurse-DC1,0.19,71
20,2017-05-15,322,356,196,515,20,Mt St Joseph,Registered Nurse-DC1,0.04,14
21,2017-05-22,397,345,189,498,21,Mt St Joseph,Registered Nurse-DC1,0.29,100
22,2017-05-29,332,352,199,509,22,Mt St Joseph,Registered Nurse-DC1,0.3,106
23,2017-06-05,370,370,211,528,23,Mt St Joseph,Registered Nurse-DC1,0.27,100
24,2017-06-12,375,384,227,538,24,Mt St Joseph,Registered Nurse-DC1,0.07,27
25,2017-06-19,332,384,223,541,25,Mt St Joseph,Registered Nurse-DC1,0.12,46
26,2017-06-26,301,376,213,533,26,Mt St Joseph,Registered Nurse-DC1,0.4,150
27,2017-07-03,331,370,214,525,27,Mt St Joseph,Registered Nurse-DC1,0.32,118
28,2017-07-10,343,376,214,536,28,Mt St Joseph,Registered Nurse-DC1,0.33,124
29,2017-07-17,406,393,233,548,29,Mt St Joseph,Registered Nurse-DC1,0.39,153
30,2017-07-24,375,414,257,570,30,Mt St Joseph,Registered Nurse-DC1,0.25,104
31,2017-07-31,367,427,272,581,31,Mt St Joseph,Registered Nurse-DC1,0.39,167
32,2017-08-07,417,424,265,580,32,Mt St Joseph,Registered Nurse-DC1,0.39,165
33,2017-08-14,403,407,249,566,33,Mt St Joseph,Registered Nurse-DC1,0.32,130
34,2017-08-21,368,386,228,547,34,Mt St Joseph,Registered Nurse-DC1,0.05,19
35,2017-08-28,359,373,215,531,35,Mt St Joseph,Registered Nurse-DC1,0.26,97
36,2017-09-04,374,375,214,528,36,Mt St Joseph,Registered Nurse-DC1,0.24,90
37,2017-09-11,371,386,225,545,37,Mt St Joseph,Registered Nurse-DC1,0.34,131
38,2017-09-18,422,395,240,553,38,Mt St Joseph,Registered Nurse-DC1,0.35,138
39,2017-09-25,400,397,241,557,39,Mt St Joseph,Registered Nurse-DC1,0.22,87
40,2017-10-02,299,394,237,553,40,Mt St Joseph,Registered Nurse-DC1,0.05,20
41,2017-10-09,337,392,235,541,41,Mt St Joseph,Registered Nurse-DC1,0.14,55
42,2017-10-16,404,395,238,551,42,Mt St Joseph,Registered Nurse-DC1,0.11,43
43,2017-10-23,444,397,243,552,43,Mt St Joseph,Registered Nurse-DC1,0.08,32
44,2017-10-30,415,394,239,551,44,Mt St Joseph,Registered Nurse-DC1,0.14,55
45,2017-11-06,320,390,234,549,45,Mt St Joseph,Registered Nurse-DC1,0.05,20
46,2017-11-13,345,390,232,545,46,Mt St Joseph,Registered Nurse-DC1,0.25,98
47,2017-11-20,390,400,245,558,47,Mt St Joseph,Registered Nurse-DC1,0.25,100
48,2017-11-27,317,414,262,568,48,Mt St Joseph,Registered Nurse-DC1,0.05,21
49,2017-12-04,340,424,264,582,49,Mt St Joseph,Registered Nurse-DC1,0.26,110
50,2017-12-11,351,425,265,581,50,Mt St Joseph,Registered Nurse-DC1,0.11,47
51,2017-12-18,340,419,264,581,51,Mt St Joseph,Registered Nurse-DC1,0.36,151
52,2017-12-25,327,353,223,488,52,Mt St Joseph,Registered Nurse-DC1,0.17,60
1,2017-01-02,31,32,0,64,1,Mt St Joseph,Registered Nurse-DC2A Sup,0.14,4
2,2017-01-09,11,27,0,59,2,Mt St Joseph,Registered Nurse-DC2A Sup,0.4,11
3,2017-01-16,26,24,0,57,3,Mt St Joseph,Registered Nurse-DC2A Sup,0.23,6
4,2017-01-23,15,26,0,58,4,Mt St Joseph,Registered Nurse-DC2A Sup,0.34,9
5,2017-01-30,20,29,0,61,5,Mt St Joseph,Registered Nurse-DC2A Sup,0.11,3
6,2017-02-06,14,32,0,64,6,Mt St Joseph,Registered Nurse-DC2A Sup,0.13,4
7,2017-02-13,17,33,0,65,7,Mt St Joseph,Registered Nurse-DC2A Sup,0.39,14
8,2017-02-20,15,33,2,65,8,Mt St Joseph,Registered Nurse-DC2A Sup,0.34,12
9,2017-02-27,18,33,0,66,9,Mt St Joseph,Registered Nurse-DC2A Sup,0.14,5
10,2017-03-06,13,33,2,66,10,Mt St Joseph,Registered Nurse-DC2A Sup,0.09,3
11,2017-03-13,30,32,0,64,11,Mt St Joseph,Registered Nurse-DC2A Sup,0.03,1
12,2017-03-20,35,30,0,62,12,Mt St Joseph,Registered Nurse-DC2A Sup,0.37,11
13,2017-03-27,16,28,0,60,13,Mt St Joseph,Registered Nurse-DC2A Sup,0.08,2
14,2017-04-03,24,26,0,58,14,Mt St Joseph,Registered Nurse-DC2A Sup,0.36,10
15,2017-04-10,20,25,0,57,15,Mt St Joseph,Registered Nurse-DC2A Sup,0.27,7
16,2017-04-17,34,24,0,56,16,Mt St Joseph,Registered Nurse-DC2A Sup,0.03,1
17,2017-04-24,23,23,0,55,17,Mt St Joseph,Registered Nurse-DC2A Sup,0.16,4
18,2017-05-01,21,23,0,56,18,Mt St Joseph,Registered Nurse-DC2A Sup,0.27,6
19,2017-05-08,26,26,0,59,19,Mt St Joseph,Registered Nurse-DC2A Sup,0,0
20,2017-05-15,20,28,0,60,20,Mt St Joseph,Registered Nurse-DC2A Sup,0.36,10
21,2017-05-22,21,28,0,61,21,Mt St Joseph,Registered Nurse-DC2A Sup,0.09,3
22,2017-05-29,14,25,0,57,22,Mt St Joseph,Registered Nurse-DC2A Sup,0.28,8
23,2017-06-05,32,22,0,55,23,Mt St Joseph,Registered Nurse-DC2A Sup,0.12,3
24,2017-06-12,45,22,0,54,24,Mt St Joseph,Registered Nurse-DC2A Sup,0.07,2
25,2017-06-19,35,25,0,58,25,Mt St Joseph,Registered Nurse-DC2A Sup,0.16,4
26,2017-06-26,15,29,0,62,26,Mt St Joseph,Registered Nurse-DC2A Sup,0.02,1
27,2017-07-03,33,30,0,62,27,Mt St Joseph,Registered Nurse-DC2A Sup,0.24,8
28,2017-07-10,8,28,0,61,28,Mt St Joseph,Registered Nurse-DC2A Sup,0.23,7
29,2017-07-17,23,27,0,60,29,Mt St Joseph,Registered Nurse-DC2A Sup,0.19,6
30,2017-07-24,25,30,0,63,30,Mt St Joseph,Registered Nurse-DC2A Sup,0.25,8
31,2017-07-31,25,34,2,66,31,Mt St Joseph,Registered Nurse-DC2A Sup,0.1,3
32,2017-08-07,45,37,5,69,32,Mt St Joseph,Registered Nurse-DC2A Sup,0.29,11
33,2017-08-14,35,36,3,69,33,Mt St Joseph,Registered Nurse-DC2A Sup,0.12,4
34,2017-08-21,30,33,0,65,34,Mt St Joseph,Registered Nurse-DC2A Sup,0.08,3
35,2017-08-28,29,29,0,61,35,Mt St Joseph,Registered Nurse-DC2A Sup,0.36,11
36,2017-09-04,16,27,0,59,36,Mt St Joseph,Registered Nurse-DC2A Sup,0.35,10
37,2017-09-11,34,26,0,58,37,Mt St Joseph,Registered Nurse-DC2A Sup,0.14,4
38,2017-09-18,29,24,0,57,38,Mt St Joseph,Registered Nurse-DC2A Sup,0.15,4
39,2017-09-25,22,23,0,55,39,Mt St Joseph,Registered Nurse-DC2A Sup,0.17,4
40,2017-10-02,17,23,0,55,40,Mt St Joseph,Registered Nurse-DC2A Sup,0.07,2
41,2017-10-09,16,27,0,60,41,Mt St Joseph,Registered Nurse-DC2A Sup,0.34,10
42,2017-10-16,21,32,0,65,42,Mt St Joseph,Registered Nurse-DC2A Sup,0.03,1
43,2017-10-23,22,36,3,68,43,Mt St Joseph,Registered Nurse-DC2A Sup,0.35,13
44,2017-10-30,15,35,3,69,44,Mt St Joseph,Registered Nurse-DC2A Sup,0.36,13
45,2017-11-06,17,32,0,63,45,Mt St Joseph,Registered Nurse-DC2A Sup,0.22,7
46,2017-11-13,30,27,0,58,46,Mt St Joseph,Registered Nurse-DC2A Sup,0.33,9
47,2017-11-20,18,23,0,55,47,Mt St Joseph,Registered Nurse-DC2A Sup,0.29,7
48,2017-11-27,15,23,0,55,48,Mt St Joseph,Registered Nurse-DC2A Sup,0.38,9
49,2017-12-04,18,26,0,58,49,Mt St Joseph,Registered Nurse-DC2A Sup,0.24,6
50,2017-12-11,23,32,0,64,50,Mt St Joseph,Registered Nurse-DC2A Sup,0.11,4
51,2017-12-18,26,36,4,69,51,Mt St Joseph,Registered Nurse-DC2A Sup,0.08,3
52,2017-12-25,29,31,3,59,52,Mt St Joseph,Registered Nurse-DC2A Sup,0.01,0
1,2017-01-02,8,14,0,36,1,Mt St Joseph,Registered Nurse-DC2B,0.25,4
2,2017-01-09,15,15,0,36,2,Mt St Joseph,Registered Nurse-DC2B,0.01,0
3,2017-01-16,18,15,0,36,3,Mt St Joseph,Registered Nurse-DC2B,0.27,5
4,2017-01-23,19,15,0,37,4,Mt St Joseph,Registered Nurse-DC2B,0.01,0
5,2017-01-30,18,13,0,35,5,Mt St Joseph,Registered Nurse-DC2B,0.04,1
6,2017-02-06,20,11,0,33,6,Mt St Joseph,Registered Nurse-DC2B,0.08,1
7,2017-02-13,18,10,0,32,7,Mt St Joseph,Registered Nurse-DC2B,0.13,2
8,2017-02-20,25,11,0,33,8,Mt St Joseph,Registered Nurse-DC2B,0.16,2
9,2017-02-27,13,13,0,34,9,Mt St Joseph,Registered Nurse-DC2B,0.29,5
10,2017-03-06,8,15,0,36,10,Mt St Joseph,Registered Nurse-DC2B,0.18,3
11,2017-03-13,13,15,0,37,11,Mt St Joseph,Registered Nurse-DC2B,0.1,2
12,2017-03-20,11,14,0,35,12,Mt St Joseph,Registered Nurse-DC2B,0.18,3
13,2017-03-27,11,12,0,34,13,Mt St Joseph,Registered Nurse-DC2B,0.25,4
14,2017-04-03,17,12,0,33,14,Mt St Joseph,Registered Nurse-DC2B,0.06,1
15,2017-04-10,3,14,0,36,15,Mt St Joseph,Registered Nurse-DC2B,0.37,6
16,2017-04-17,23,16,0,37,16,Mt St Joseph,Registered Nurse-DC2B,0.37,7
17,2017-04-24,14,18,0,39,17,Mt St Joseph,Registered Nurse-DC2B,0.01,0
18,2017-05-01,22,20,0,41,18,Mt St Joseph,Registered Nurse-DC2B,0.13,3
19,2017-05-08,21,20,0,42,19,Mt St Joseph,Registered Nurse-DC2B,0.32,8
20,2017-05-15,12,20,0,41,20,Mt St Joseph,Registered Nurse-DC2B,0.32,8
21,2017-05-22,12,19,0,40,21,Mt St Joseph,Registered Nurse-DC2B,0.12,3
22,2017-05-29,20,17,0,39,22,Mt St Joseph,Registered Nurse-DC2B,0.35,7
23,2017-06-05,14,16,0,38,23,Mt St Joseph,Registered Nurse-DC2B,0.14,3
24,2017-06-12,10,17,0,38,24,Mt St Joseph,Registered Nurse-DC2B,0.26,5
25,2017-06-19,14,18,0,39,25,Mt St Joseph,Registered Nurse-DC2B,0.37,8
26,2017-06-26,7,18,0,40,26,Mt St Joseph,Registered Nurse-DC2B,0.26,6
27,2017-07-03,9,17,0,39,27,Mt St Joseph,Registered Nurse-DC2B,0.38,7
28,2017-07-10,6,15,0,37,28,Mt St Joseph,Registered Nurse-DC2B,0.03,1
29,2017-07-17,16,14,0,35,29,Mt St Joseph,Registered Nurse-DC2B,0,0
30,2017-07-24,11,15,0,36,30,Mt St Joseph,Registered Nurse-DC2B,0.11,2
31,2017-07-31,15,17,0,40,31,Mt St Joseph,Registered Nurse-DC2B,0.06,1
32,2017-08-07,16,19,0,41,32,Mt St Joseph,Registered Nurse-DC2B,0.12,2
33,2017-08-14,13,19,0,40,33,Mt St Joseph,Registered Nurse-DC2B,0.31,6
34,2017-08-21,7,17,0,38,34,Mt St Joseph,Registered Nurse-DC2B,0.06,1
35,2017-08-28,4,16,0,37,35,Mt St Joseph,Registered Nurse-DC2B,0.17,3
36,2017-09-04,18,16,0,38,36,Mt St Joseph,Registered Nurse-DC2B,0.07,1
37,2017-09-11,9,18,0,40,37,Mt St Joseph,Registered Nurse-DC2B,0.19,4
38,2017-09-18,7,20,0,42,38,Mt St Joseph,Registered Nurse-DC2B,0.29,6
39,2017-09-25,10,20,0,41,39,Mt St Joseph,Registered Nurse-DC2B,0.11,3
40,2017-10-02,11,19,0,40,40,Mt St Joseph,Registered Nurse-DC2B,0.37,9
41,2017-10-09,13,18,0,39,41,Mt St Joseph,Registered Nurse-DC2B,0.19,5
42,2017-10-16,10,17,0,39,42,Mt St Joseph,Registered Nurse-DC2B,0.15,3
43,2017-10-23,4,18,0,39,43,Mt St Joseph,Registered Nurse-DC2B,0.12,2
44,2017-10-30,12,18,0,39,44,Mt St Joseph,Registered Nurse-DC2B,0.19,4
45,2017-11-06,6,18,0,39,45,Mt St Joseph,Registered Nurse-DC2B,0.23,5
46,2017-11-13,15,17,0,39,46,Mt St Joseph,Registered Nurse-DC2B,0.25,5
47,2017-11-20,10,17,0,39,47,Mt St Joseph,Registered Nurse-DC2B,0.36,7
48,2017-11-27,15,18,0,39,48,Mt St Joseph,Registered Nurse-DC2B,0.29,5
49,2017-12-04,10,18,0,39,49,Mt St Joseph,Registered Nurse-DC2B,0.4,7
50,2017-12-11,11,18,0,40,50,Mt St Joseph,Registered Nurse-DC2B,0.08,2
51,2017-12-18,15,17,0,38,51,Mt St Joseph,Registered Nurse-DC2B,0.08,2
52,2017-12-25,15,13,0,31,52,Mt St Joseph,Registered Nurse-DC2B,0.25,4
1,2017-01-02,56,32,0,69,1,Youville Residence,Registered Nurse-DC1,0.19,6
2,2017-01-09,39,32,0,70,2,Youville Residence,Registered Nurse-DC1,0.13,4
3,2017-01-16,48,34,0,71,3,Youville Residence,Registered Nurse-DC1,0.37,13
4,2017-01-23,42,35,0,72,4,Youville Residence,Registered Nurse-DC1,0.29,10
5,2017-01-30,33,33,0,69,5,Youville Residence,Registered Nurse-DC1,0.36,12
6,2017-02-06,36,32,0,69,6,Youville Residence,Registered Nurse-DC1,0,0
7,2017-02-13,39,33,0,71,7,Youville Residence,Registered Nurse-DC1,0.2,7
8,2017-02-20,25,35,0,72,8,Youville Residence,Registered Nurse-DC1,0.27,9
9,2017-02-27,49,35,0,73,9,Youville Residence,Registered Nurse-DC1,0.24,8
10,2017-03-06,41,34,0,71,10,Youville Residence,Registered Nurse-DC1,0.07,2
11,2017-03-13,58,33,0,70,11,Youville Residence,Registered Nurse-DC1,0.22,7
12,2017-03-20,59,33,0,70,12,Youville Residence,Registered Nurse-DC1,0.3,10
13,2017-03-27,50,32,0,69,13,Youville Residence,Registered Nurse-DC1,0.26,8
14,2017-04-03,42,30,0,68,14,Youville Residence,Registered Nurse-DC1,0.15,5
15,2017-04-10,42,29,0,67,15,Youville Residence,Registered Nurse-DC1,0.14,4
16,2017-04-17,45,29,0,66,16,Youville Residence,Registered Nurse-DC1,0.01,0
17,2017-04-24,35,32,0,69,17,Youville Residence,Registered Nurse-DC1,0.22,7
18,2017-05-01,27,35,0,73,18,Youville Residence,Registered Nurse-DC1,0.23,8
19,2017-05-08,33,36,0,72,19,Youville Residence,Registered Nurse-DC1,0.39,14
20,2017-05-15,33,35,0,73,20,Youville Residence,Registered Nurse-DC1,0.21,7
21,2017-05-22,33,34,0,71,21,Youville Residence,Registered Nurse-DC1,0.12,4
22,2017-05-29,24,34,0,72,22,Youville Residence,Registered Nurse-DC1,0.33,11
23,2017-06-05,72,36,0,73,23,Youville Residence,Registered Nurse-DC1,0.4,14
24,2017-06-12,46,36,0,75,24,Youville Residence,Registered Nurse-DC1,0.04,1
25,2017-06-19,34,36,0,75,25,Youville Residence,Registered Nurse-DC1,0.32,12
26,2017-06-26,34,37,0,74,26,Youville Residence,Registered Nurse-DC1,0.03,1
27,2017-07-03,48,39,2,75,27,Youville Residence,Registered Nurse-DC1,0.17,7
28,2017-07-10,40,40,3,77,28,Youville Residence,Registered Nurse-DC1,0.16,6
29,2017-07-17,40,38,0,74,29,Youville Residence,Registered Nurse-DC1,0.19,7
30,2017-07-24,35,35,0,73,30,Youville Residence,Registered Nurse-DC1,0.36,12
31,2017-07-31,37,34,0,72,31,Youville Residence,Registered Nurse-DC1,0.06,2
32,2017-08-07,40,36,0,73,32,Youville Residence,Registered Nurse-DC1,0.01,0
33,2017-08-14,39,40,4,78,33,Youville Residence,Registered Nurse-DC1,0.22,9
34,2017-08-21,48,41,4,79,34,Youville Residence,Registered Nurse-DC1,0.24,10
35,2017-08-28,43,38,0,74,35,Youville Residence,Registered Nurse-DC1,0.35,13
36,2017-09-04,54,32,0,71,36,Youville Residence,Registered Nurse-DC1,0.39,12
37,2017-09-11,44,31,0,69,37,Youville Residence,Registered Nurse-DC1,0.19,6
38,2017-09-18,27,35,0,72,38,Youville Residence,Registered Nurse-DC1,0.29,10
39,2017-09-25,37,39,3,76,39,Youville Residence,Registered Nurse-DC1,0.16,6
40,2017-10-02,37,40,3,77,40,Youville Residence,Registered Nurse-DC1,0.32,13
41,2017-10-09,44,39,1,77,41,Youville Residence,Registered Nurse-DC1,0.2,8
42,2017-10-16,38,38,0,75,42,Youville Residence,Registered Nurse-DC1,0.22,8
43,2017-10-23,55,39,1,77,43,Youville Residence,Registered Nurse-DC1,0.02,1
44,2017-10-30,40,40,4,78,44,Youville Residence,Registered Nurse-DC1,0.21,8
45,2017-11-06,35,39,2,77,45,Youville Residence,Registered Nurse-DC1,0.18,7
46,2017-11-13,31,36,0,73,46,Youville Residence,Registered Nurse-DC1,0.03,1
47,2017-11-20,44,36,0,73,47,Youville Residence,Registered Nurse-DC1,0.1,4
48,2017-11-27,43,40,3,76,48,Youville Residence,Registered Nurse-DC1,0.13,5
49,2017-12-04,41,45,9,83,49,Youville Residence,Registered Nurse-DC1,0.09,4
50,2017-12-11,47,47,9,86,50,Youville Residence,Registered Nurse-DC1,0.1,5
51,2017-12-18,43,41,4,79,51,Youville Residence,Registered Nurse-DC1,0.16,7
52,2017-12-25,26,28,0,60,52,Youville Residence,Registered Nurse-DC1,0.06,2
1,2017-01-02,5,3,0,9,1,Youville Residence,Registered Nurse-DC2A Sup,0.37,3
2,2017-01-09,5,4,0,10,2,Youville Residence,Registered Nurse-DC2A Sup,0.32,3
3,2017-01-16,7,4,0,10,3,Youville Residence,Registered Nurse-DC2A Sup,0.19,2
4,2017-01-23,7,3,0,9,4,Youville Residence,Registered Nurse-DC2A Sup,0.21,2
5,2017-01-30,7,3,0,9,5,Youville Residence,Registered Nurse-DC2A Sup,0.34,3
6,2017-02-06,4,3,0,9,6,Youville Residence,Registered Nurse-DC2A Sup,0.4,4
7,2017-02-13,8,3,0,10,7,Youville Residence,Registered Nurse-DC2A Sup,0.15,1
8,2017-02-20,5,4,0,10,8,Youville Residence,Registered Nurse-DC2A Sup,0.22,2
9,2017-02-27,4,3,0,9,9,Youville Residence,Registered Nurse-DC2A Sup,0.12,1
10,2017-03-06,0,2,0,9,10,Youville Residence,Registered Nurse-DC2A Sup,0.02,0
11,2017-03-13,0,2,0,8,11,Youville Residence,Registered Nurse-DC2A Sup,0.17,2
12,2017-03-20,0,2,0,9,12,Youville Residence,Registered Nurse-DC2A Sup,0.4,3
13,2017-03-27,0,3,0,9,13,Youville Residence,Registered Nurse-DC2A Sup,0.38,3
14,2017-04-03,1,3,0,9,14,Youville Residence,Registered Nurse-DC2A Sup,0.24,2
15,2017-04-10,2,3,0,9,15,Youville Residence,Registered Nurse-DC2A Sup,0.09,1
16,2017-04-17,4,3,0,9,16,Youville Residence,Registered Nurse-DC2A Sup,0.13,1
17,2017-04-24,5,4,0,10,17,Youville Residence,Registered Nurse-DC2A Sup,0.33,3
18,2017-05-01,5,4,0,11,18,Youville Residence,Registered Nurse-DC2A Sup,0.3,3
19,2017-05-08,5,4,0,11,19,Youville Residence,Registered Nurse-DC2A Sup,0.07,1
20,2017-05-15,4,4,0,10,20,Youville Residence,Registered Nurse-DC2A Sup,0.2,2
21,2017-05-22,5,3,0,10,21,Youville Residence,Registered Nurse-DC2A Sup,0.34,3
22,2017-05-29,5,3,0,9,22,Youville Residence,Registered Nurse-DC2A Sup,0.36,4
23,2017-06-05,3,4,0,10,23,Youville Residence,Registered Nurse-DC2A Sup,0.28,3
24,2017-06-12,2,4,0,11,24,Youville Residence,Registered Nurse-DC2A Sup,0.22,2
25,2017-06-19,3,5,0,11,25,Youville Residence,Registered Nurse-DC2A Sup,0.1,1
26,2017-06-26,2,5,0,11,26,Youville Residence,Registered Nurse-DC2A Sup,0.27,2
27,2017-07-03,3,5,0,11,27,Youville Residence,Registered Nurse-DC2A Sup,0.19,2
28,2017-07-10,3,5,0,12,28,Youville Residence,Registered Nurse-DC2A Sup,0.31,3
29,2017-07-17,7,6,0,13,29,Youville Residence,Registered Nurse-DC2A Sup,0.04,0
30,2017-07-24,4,7,0,13,30,Youville Residence,Registered Nurse-DC2A Sup,0.08,1
31,2017-07-31,0,7,0,13,31,Youville Residence,Registered Nurse-DC2A Sup,0.26,3
32,2017-08-07,1,6,0,12,32,Youville Residence,Registered Nurse-DC2A Sup,0.32,3
33,2017-08-14,3,4,0,11,33,Youville Residence,Registered Nurse-DC2A Sup,0.27,2
34,2017-08-21,0,4,0,10,34,Youville Residence,Registered Nurse-DC2A Sup,0.16,2
35,2017-08-28,0,4,0,10,35,Youville Residence,Registered Nurse-DC2A Sup,0.34,3
36,2017-09-04,1,4,0,11,36,Youville Residence,Registered Nurse-DC2A Sup,0.21,2
37,2017-09-11,5,5,0,12,37,Youville Residence,Registered Nurse-DC2A Sup,0.26,3
38,2017-09-18,1,5,0,12,38,Youville Residence,Registered Nurse-DC2A Sup,0.33,3
39,2017-09-25,2,5,0,11,39,Youville Residence,Registered Nurse-DC2A Sup,0.07,1
40,2017-10-02,0,4,0,10,40,Youville Residence,Registered Nurse-DC2A Sup,0.15,2
41,2017-10-09,5,3,0,9,41,Youville Residence,Registered Nurse-DC2A Sup,0.1,1
42,2017-10-16,5,3,0,10,42,Youville Residence,Registered Nurse-DC2A Sup,0.04,0
43,2017-10-23,6,4,0,10,43,Youville Residence,Registered Nurse-DC2A Sup,0.26,3
44,2017-10-30,3,4,0,11,44,Youville Residence,Registered Nurse-DC2A Sup,0.27,3
45,2017-11-06,0,4,0,11,45,Youville Residence,Registered Nurse-DC2A Sup,0.22,2
46,2017-11-13,2,4,0,10,46,Youville Residence,Registered Nurse-DC2A Sup,0.32,3
47,2017-11-20,1,4,0,11,47,Youville Residence,Registered Nurse-DC2A Sup,0.08,1
48,2017-11-27,13,4,0,11,48,Youville Residence,Registered Nurse-DC2A Sup,0.01,0
49,2017-12-04,9,4,0,11,49,Youville Residence,Registered Nurse-DC2A Sup,0.01,0
50,2017-12-11,2,4,0,10,50,Youville Residence,Registered Nurse-DC2A Sup,0.23,2
51,2017-12-18,0,4,0,10,51,Youville Residence,Registered Nurse-DC2A Sup,0.03,0
52,2017-12-25,2,3,0,8,52,Youville Residence,Registered Nurse-DC2A Sup,0.21,1
1,2017-01-02,3,1,0,7,1,Youville Residence,Registered Nurse-DC2B,0.32,2
2,2017-01-09,0,1,0,7,2,Youville Residence,Registered Nurse-DC2B,0.11,1
3,2017-01-16,0,1,0,7,3,Youville Residence,Registered Nurse-DC2B,0.03,0
4,2017-01-23,0,1,0,7,4,Youville Residence,Registered Nurse-DC2B,0.26,2
5,2017-01-30,0,1,0,7,5,Youville Residence,Registered Nurse-DC2B,0.2,1
6,2017-02-06,0,1,0,7,6,Youville Residence,Registered Nurse-DC2B,0.03,0
7,2017-02-13,0,1,0,7,7,Youville Residence,Registered Nurse-DC2B,0.12,1
8,2017-02-20,0,1,0,7,8,Youville Residence,Registered Nurse-DC2B,0.1,1
9,2017-02-27,1,2,0,8,9,Youville Residence,Registered Nurse-DC2B,0.06,0
10,2017-03-06,0,3,0,9,10,Youville Residence,Registered Nurse-DC2B,0.32,2
11,2017-03-13,1,4,0,10,11,Youville Residence,Registered Nurse-DC2B,0.23,2
12,2017-03-20,3,3,0,9,12,Youville Residence,Registered Nurse-DC2B,0.07,0
13,2017-03-27,4,2,0,8,13,Youville Residence,Registered Nurse-DC2B,0.08,1
14,2017-04-03,0,1,0,7,14,Youville Residence,Registered Nurse-DC2B,0.27,2
15,2017-04-10,0,1,0,6,15,Youville Residence,Registered Nurse-DC2B,0.05,0
16,2017-04-17,0,0,0,6,16,Youville Residence,Registered Nurse-DC2B,0.29,2
17,2017-04-24,1,1,0,7,17,Youville Residence,Registered Nurse-DC2B,0.32,2
18,2017-05-01,0,1,0,7,18,Youville Residence,Registered Nurse-DC2B,0.37,2
19,2017-05-08,1,2,0,8,19,Youville Residence,Registered Nurse-DC2B,0.31,2
20,2017-05-15,0,2,0,8,20,Youville Residence,Registered Nurse-DC2B,0,0
21,2017-05-22,4,2,0,8,21,Youville Residence,Registered Nurse-DC2B,0.27,2
22,2017-05-29,0,1,0,7,22,Youville Residence,Registered Nurse-DC2B,0.1,1
23,2017-06-05,1,1,0,7,23,Youville Residence,Registered Nurse-DC2B,0.18,2
24,2017-06-12,0,0,0,6,24,Youville Residence,Registered Nurse-DC2B,0.18,1
25,2017-06-19,1,1,0,7,25,Youville Residence,Registered Nurse-DC2B,0.1,1
26,2017-06-26,4,1,0,7,26,Youville Residence,Registered Nurse-DC2B,0.26,2
27,2017-07-03,5,2,0,8,27,Youville Residence,Registered Nurse-DC2B,0.26,2
28,2017-07-10,5,2,0,8,28,Youville Residence,Registered Nurse-DC2B,0.26,2
29,2017-07-17,0,2,0,8,29,Youville Residence,Registered Nurse-DC2B,0.21,2
30,2017-07-24,1,1,0,7,30,Youville Residence,Registered Nurse-DC2B,0.17,1
31,2017-07-31,0,2,0,8,31,Youville Residence,Registered Nurse-DC2B,0.09,1
32,2017-08-07,0,2,0,8,32,Youville Residence,Registered Nurse-DC2B,0.13,1
33,2017-08-14,0,2,0,8,33,Youville Residence,Registered Nurse-DC2B,0.16,1
34,2017-08-21,0,1,0,7,34,Youville Residence,Registered Nurse-DC2B,0.06,1
35,2017-08-28,0,0,0,6,35,Youville Residence,Registered Nurse-DC2B,0.03,0
36,2017-09-04,1,0,0,7,36,Youville Residence,Registered Nurse-DC2B,0.22,2
37,2017-09-11,2,1,0,7,37,Youville Residence,Registered Nurse-DC2B,0.28,2
38,2017-09-18,2,2,0,7,38,Youville Residence,Registered Nurse-DC2B,0.12,1
39,2017-09-25,0,2,0,8,39,Youville Residence,Registered Nurse-DC2B,0.15,1
40,2017-10-02,1,2,0,8,40,Youville Residence,Registered Nurse-DC2B,0.24,2
41,2017-10-09,1,1,0,7,41,Youville Residence,Registered Nurse-DC2B,0.3,2
42,2017-10-16,0,1,0,7,42,Youville Residence,Registered Nurse-DC2B,0.22,1
43,2017-10-23,1,0,0,6,43,Youville Residence,Registered Nurse-DC2B,0.28,2
44,2017-10-30,3,1,0,7,44,Youville Residence,Registered Nurse-DC2B,0.33,2
45,2017-11-06,1,1,0,7,45,Youville Residence,Registered Nurse-DC2B,0.05,0
46,2017-11-13,0,2,0,8,46,Youville Residence,Registered Nurse-DC2B,0.37,3
47,2017-11-20,2,2,0,8,47,Youville Residence,Registered Nurse-DC2B,0.23,2
48,2017-11-27,0,2,0,8,48,Youville Residence,Registered Nurse-DC2B,0.09,1
49,2017-12-04,0,2,0,8,49,Youville Residence,Registered Nurse-DC2B,0.06,0
50,2017-12-11,0,1,0,7,50,Youville Residence,Registered Nurse-DC2B,0.12,1
51,2017-12-18,3,1,0,7,51,Youville Residence,Registered Nurse-DC2B,0.15,1
52,2017-12-25,2,1,0,6,52,Youville Residence,Registered Nurse-DC2B,0.2,1
1,2017-01-02,43,58,12,104,1,SVH Langara,Registered Nurse-DC1,0.07,4
2,2017-01-09,38,56,9,104,2,SVH Langara,Registered Nurse-DC1,0.26,15
3,2017-01-16,49,53,7,100,3,SVH Langara,Registered Nurse-DC1,0.31,16
4,2017-01-23,43,53,7,101,4,SVH Langara,Registered Nurse-DC1,0.31,16
5,2017-01-30,41,55,5,100,5,SVH Langara,Registered Nurse-DC1,0.32,18
6,2017-02-06,29,55,9,104,6,SVH Langara,Registered Nurse-DC1,0.1,6
7,2017-02-13,51,53,6,100,7,SVH Langara,Registered Nurse-DC1,0.33,17
8,2017-02-20,39,50,4,97,8,SVH Langara,Registered Nurse-DC1,0.25,13
9,2017-02-27,46,50,4,95,9,SVH Langara,Registered Nurse-DC1,0.11,6
10,2017-03-06,47,52,5,99,10,SVH Langara,Registered Nurse-DC1,0.04,2
11,2017-03-13,68,55,7,102,11,SVH Langara,Registered Nurse-DC1,0.25,14
12,2017-03-20,47,52,6,99,12,SVH Langara,Registered Nurse-DC1,0.05,3
13,2017-03-27,57,45,0,93,13,SVH Langara,Registered Nurse-DC1,0.22,10
14,2017-04-03,37,40,0,87,14,SVH Langara,Registered Nurse-DC1,0.11,4
15,2017-04-10,38,40,0,88,15,SVH Langara,Registered Nurse-DC1,0.1,4
16,2017-04-17,55,46,0,94,16,SVH Langara,Registered Nurse-DC1,0.03,1
17,2017-04-24,53,53,6,102,17,SVH Langara,Registered Nurse-DC1,0.34,18
18,2017-05-01,49,55,7,101,18,SVH Langara,Registered Nurse-DC1,0.11,6
19,2017-05-08,47,53,6,100,19,SVH Langara,Registered Nurse-DC1,0.07,4
20,2017-05-15,69,50,3,97,20,SVH Langara,Registered Nurse-DC1,0.26,13
21,2017-05-22,62,51,4,97,21,SVH Langara,Registered Nurse-DC1,0.18,9
22,2017-05-29,63,52,6,100,22,SVH Langara,Registered Nurse-DC1,0.08,4
23,2017-06-05,58,52,4,98,23,SVH Langara,Registered Nurse-DC1,0.06,3
24,2017-06-12,44,49,1,95,24,SVH Langara,Registered Nurse-DC1,0.17,8
25,2017-06-19,59,46,0,95,25,SVH Langara,Registered Nurse-DC1,0.2,9
26,2017-06-26,49,46,0,94,26,SVH Langara,Registered Nurse-DC1,0.08,4
27,2017-07-03,52,48,2,95,27,SVH Langara,Registered Nurse-DC1,0.02,1
28,2017-07-10,38,50,3,97,28,SVH Langara,Registered Nurse-DC1,0,0
29,2017-07-17,83,50,4,96,29,SVH Langara,Registered Nurse-DC1,0.26,13
30,2017-07-24,58,50,5,96,30,SVH Langara,Registered Nurse-DC1,0,0
31,2017-07-31,59,51,4,98,31,SVH Langara,Registered Nurse-DC1,0.28,14
32,2017-08-07,59,53,5,101,32,SVH Langara,Registered Nurse-DC1,0.31,16
33,2017-08-14,60,53,6,100,33,SVH Langara,Registered Nurse-DC1,0.14,7
34,2017-08-21,58,52,5,99,34,SVH Langara,Registered Nurse-DC1,0.24,12
35,2017-08-28,36,52,5,101,35,SVH Langara,Registered Nurse-DC1,0.2,10
36,2017-09-04,46,54,6,102,36,SVH Langara,Registered Nurse-DC1,0.12,6
37,2017-09-11,60,56,8,103,37,SVH Langara,Registered Nurse-DC1,0.22,12
38,2017-09-18,57,54,7,100,38,SVH Langara,Registered Nurse-DC1,0.25,14
39,2017-09-25,49,49,2,97,39,SVH Langara,Registered Nurse-DC1,0.06,3
40,2017-10-02,32,45,0,92,40,SVH Langara,Registered Nurse-DC1,0.05,2
41,2017-10-09,54,45,0,92,41,SVH Langara,Registered Nurse-DC1,0.06,3
42,2017-10-16,68,49,1,98,42,SVH Langara,Registered Nurse-DC1,0.29,14
43,2017-10-23,61,52,5,98,43,SVH Langara,Registered Nurse-DC1,0.11,6
44,2017-10-30,51,51,4,98,44,SVH Langara,Registered Nurse-DC1,0.27,14
45,2017-11-06,44,48,1,95,45,SVH Langara,Registered Nurse-DC1,0.06,3
46,2017-11-13,84,47,0,94,46,SVH Langara,Registered Nurse-DC1,0.37,17
47,2017-11-20,43,49,2,96,47,SVH Langara,Registered Nurse-DC1,0.09,4
48,2017-11-27,29,53,5,100,48,SVH Langara,Registered Nurse-DC1,0.22,12
49,2017-12-04,37,55,8,102,49,SVH Langara,Registered Nurse-DC1,0,0
50,2017-12-11,51,55,7,101,50,SVH Langara,Registered Nurse-DC1,0.08,4
51,2017-12-18,54,54,6,102,51,SVH Langara,Registered Nurse-DC1,0.09,5
52,2017-12-25,32,47,7,88,52,SVH Langara,Registered Nurse-DC1,0.34,16
1,2017-01-02,2,7,0,15,1,SVH Langara,Registered Nurse-DC2A Sup,0,0
2,2017-01-09,0,7,0,15,2,SVH Langara,Registered Nurse-DC2A Sup,0.16,1
3,2017-01-16,0,7,0,15,3,SVH Langara,Registered Nurse-DC2A Sup,0.06,1
4,2017-01-23,4,7,0,16,4,SVH Langara,Registered Nurse-DC2A Sup,0.18,2
5,2017-01-30,5,7,0,16,5,SVH Langara,Registered Nurse-DC2A Sup,0.09,1
6,2017-02-06,4,8,0,16,6,SVH Langara,Registered Nurse-DC2A Sup,0.21,3
7,2017-02-13,5,8,0,16,7,SVH Langara,Registered Nurse-DC2A Sup,0.3,4
8,2017-02-20,4,8,0,16,8,SVH Langara,Registered Nurse-DC2A Sup,0.27,3
9,2017-02-27,0,8,0,16,9,SVH Langara,Registered Nurse-DC2A Sup,0.35,4
10,2017-03-06,2,8,0,16,10,SVH Langara,Registered Nurse-DC2A Sup,0.14,1
11,2017-03-13,5,8,0,17,11,SVH Langara,Registered Nurse-DC2A Sup,0.33,3
12,2017-03-20,2,8,0,17,12,SVH Langara,Registered Nurse-DC2A Sup,0.05,1
13,2017-03-27,3,8,0,17,13,SVH Langara,Registered Nurse-DC2A Sup,0.11,1
14,2017-04-03,5,8,0,17,14,SVH Langara,Registered Nurse-DC2A Sup,0.26,3
15,2017-04-10,0,8,0,17,15,SVH Langara,Registered Nurse-DC2A Sup,0.08,1
16,2017-04-17,5,9,0,17,16,SVH Langara,Registered Nurse-DC2A Sup,0.32,4
17,2017-04-24,4,10,1,18,17,SVH Langara,Registered Nurse-DC2A Sup,0.04,1
18,2017-05-01,2,11,2,19,18,SVH Langara,Registered Nurse-DC2A Sup,0.24,4
19,2017-05-08,4,12,3,20,19,SVH Langara,Registered Nurse-DC2A Sup,0.25,4
20,2017-05-15,8,11,3,19,20,SVH Langara,Registered Nurse-DC2A Sup,0.17,2
21,2017-05-22,6,11,2,19,21,SVH Langara,Registered Nurse-DC2A Sup,0.38,5
22,2017-05-29,3,10,2,19,22,SVH Langara,Registered Nurse-DC2A Sup,0.2,2
23,2017-06-05,2,10,2,19,23,SVH Langara,Registered Nurse-DC2A Sup,0.16,2
24,2017-06-12,12,10,2,18,24,SVH Langara,Registered Nurse-DC2A Sup,0.01,0
25,2017-06-19,10,10,2,18,25,SVH Langara,Registered Nurse-DC2A Sup,0,0
26,2017-06-26,8,10,1,18,26,SVH Langara,Registered Nurse-DC2A Sup,0.24,3
27,2017-07-03,1,10,1,18,27,SVH Langara,Registered Nurse-DC2A Sup,0.37,4
28,2017-07-10,6,10,1,18,28,SVH Langara,Registered Nurse-DC2A Sup,0.08,1
29,2017-07-17,9,9,1,18,29,SVH Langara,Registered Nurse-DC2A Sup,0.1,1
30,2017-07-24,5,9,0,17,30,SVH Langara,Registered Nurse-DC2A Sup,0.23,2
31,2017-07-31,8,8,0,17,31,SVH Langara,Registered Nurse-DC2A Sup,0.07,1
32,2017-08-07,9,9,0,17,32,SVH Langara,Registered Nurse-DC2A Sup,0.07,1
33,2017-08-14,11,9,1,18,33,SVH Langara,Registered Nurse-DC2A Sup,0.01,0
34,2017-08-21,4,10,2,19,34,SVH Langara,Registered Nurse-DC2A Sup,0.23,2
35,2017-08-28,0,10,1,18,35,SVH Langara,Registered Nurse-DC2A Sup,0.16,2
36,2017-09-04,3,9,0,17,36,SVH Langara,Registered Nurse-DC2A Sup,0.03,0
37,2017-09-11,9,8,0,17,37,SVH Langara,Registered Nurse-DC2A Sup,0.1,1
38,2017-09-18,5,9,0,17,38,SVH Langara,Registered Nurse-DC2A Sup,0.34,4
39,2017-09-25,1,9,1,17,39,SVH Langara,Registered Nurse-DC2A Sup,0.37,4
40,2017-10-02,1,9,1,18,40,SVH Langara,Registered Nurse-DC2A Sup,0.12,1
41,2017-10-09,2,9,0,17,41,SVH Langara,Registered Nurse-DC2A Sup,0.2,2
42,2017-10-16,2,8,0,17,42,SVH Langara,Registered Nurse-DC2A Sup,0.34,4
43,2017-10-23,1,8,0,17,43,SVH Langara,Registered Nurse-DC2A Sup,0.24,3
44,2017-10-30,1,9,0,17,44,SVH Langara,Registered Nurse-DC2A Sup,0.12,1
45,2017-11-06,4,9,1,18,45,SVH Langara,Registered Nurse-DC2A Sup,0.37,4
46,2017-11-13,8,9,1,18,46,SVH Langara,Registered Nurse-DC2A Sup,0.28,3
47,2017-11-20,5,9,1,17,47,SVH Langara,Registered Nurse-DC2A Sup,0.32,4
48,2017-11-27,2,9,1,18,48,SVH Langara,Registered Nurse-DC2A Sup,0.08,1
49,2017-12-04,5,10,2,19,49,SVH Langara,Registered Nurse-DC2A Sup,0.4,6
50,2017-12-11,6,11,3,19,50,SVH Langara,Registered Nurse-DC2A Sup,0.26,3
51,2017-12-18,3,11,3,20,51,SVH Langara,Registered Nurse-DC2A Sup,0.15,2
52,2017-12-25,4,9,2,17,52,SVH Langara,Registered Nurse-DC2A Sup,0.07,1
1,2017-01-02,0,0,0,6,1,SVH Langara,Registered Nurse-DC2B,0.36,3
2,2017-01-09,0,1,0,6,2,SVH Langara,Registered Nurse-DC2B,0.11,1
3,2017-01-16,0,1,0,6,3,SVH Langara,Registered Nurse-DC2B,0.16,1
4,2017-01-23,0,1,0,6,4,SVH Langara,Registered Nurse-DC2B,0.18,1
5,2017-01-30,0,1,0,6,5,SVH Langara,Registered Nurse-DC2B,0.34,3
6,2017-02-06,3,1,0,6,6,SVH Langara,Registered Nurse-DC2B,0.12,1
7,2017-02-13,2,1,0,7,7,SVH Langara,Registered Nurse-DC2B,0.01,0
8,2017-02-20,0,2,0,8,8,SVH Langara,Registered Nurse-DC2B,0.17,1
9,2017-02-27,0,3,0,8,9,SVH Langara,Registered Nurse-DC2B,0.18,1
10,2017-03-06,0,3,0,8,10,SVH Langara,Registered Nurse-DC2B,0.22,2
11,2017-03-13,0,2,0,8,11,SVH Langara,Registered Nurse-DC2B,0.36,2
12,2017-03-20,0,2,0,7,12,SVH Langara,Registered Nurse-DC2B,0.21,1
13,2017-03-27,0,1,0,6,13,SVH Langara,Registered Nurse-DC2B,0.21,1
14,2017-04-03,1,0,0,6,14,SVH Langara,Registered Nurse-DC2B,0.2,1
15,2017-04-10,2,0,0,6,15,SVH Langara,Registered Nurse-DC2B,0.22,2
16,2017-04-17,1,0,0,5,16,SVH Langara,Registered Nurse-DC2B,0.19,1
17,2017-04-24,3,0,0,5,17,SVH Langara,Registered Nurse-DC2B,0.21,1
18,2017-05-01,0,0,0,5,18,SVH Langara,Registered Nurse-DC2B,0.31,2
19,2017-05-08,0,0,0,6,19,SVH Langara,Registered Nurse-DC2B,0.01,0
20,2017-05-15,0,0,0,6,20,SVH Langara,Registered Nurse-DC2B,0.2,1
21,2017-05-22,0,0,0,5,21,SVH Langara,Registered Nurse-DC2B,0.29,2
22,2017-05-29,1,0,0,6,22,SVH Langara,Registered Nurse-DC2B,0.34,2
23,2017-06-05,1,0,0,6,23,SVH Langara,Registered Nurse-DC2B,0.38,3
24,2017-06-12,5,1,0,6,24,SVH Langara,Registered Nurse-DC2B,0.38,3
25,2017-06-19,3,1,0,7,25,SVH Langara,Registered Nurse-DC2B,0.25,2
26,2017-06-26,0,1,0,7,26,SVH Langara,Registered Nurse-DC2B,0.23,2
27,2017-07-03,0,1,0,6,27,SVH Langara,Registered Nurse-DC2B,0.24,1
28,2017-07-10,0,1,0,7,28,SVH Langara,Registered Nurse-DC2B,0.2,1
29,2017-07-17,0,1,0,7,29,SVH Langara,Registered Nurse-DC2B,0.32,2
30,2017-07-24,0,1,0,7,30,SVH Langara,Registered Nurse-DC2B,0.34,2
31,2017-07-31,0,1,0,6,31,SVH Langara,Registered Nurse-DC2B,0.34,2
32,2017-08-07,0,0,0,5,32,SVH Langara,Registered Nurse-DC2B,0.2,1
33,2017-08-14,0,0,0,5,33,SVH Langara,Registered Nurse-DC2B,0.32,2
34,2017-08-21,1,0,0,6,34,SVH Langara,Registered Nurse-DC2B,0.08,0
35,2017-08-28,4,1,0,7,35,SVH Langara,Registered Nurse-DC2B,0.13,1
36,2017-09-04,0,2,0,7,36,SVH Langara,Registered Nurse-DC2B,0.3,2
37,2017-09-11,0,2,0,7,37,SVH Langara,Registered Nurse-DC2B,0.15,1
38,2017-09-18,4,1,0,7,38,SVH Langara,Registered Nurse-DC2B,0.25,2
39,2017-09-25,0,0,0,6,39,SVH Langara,Registered Nurse-DC2B,0.32,2
40,2017-10-02,0,0,0,5,40,SVH Langara,Registered Nurse-DC2B,0.12,1
41,2017-10-09,0,0,0,5,41,SVH Langara,Registered Nurse-DC2B,0.39,3
42,2017-10-16,1,0,0,5,42,SVH Langara,Registered Nurse-DC2B,0.19,1
43,2017-10-23,1,0,0,5,43,SVH Langara,Registered Nurse-DC2B,0.18,1
44,2017-10-30,1,0,0,6,44,SVH Langara,Registered Nurse-DC2B,0.25,2
45,2017-11-06,3,1,0,6,45,SVH Langara,Registered Nurse-DC2B,0.02,0
46,2017-11-13,1,1,0,6,46,SVH Langara,Registered Nurse-DC2B,0.01,0
47,2017-11-20,1,1,0,7,47,SVH Langara,Registered Nurse-DC2B,0.22,2
48,2017-11-27,1,1,0,7,48,SVH Langara,Registered Nurse-DC2B,0.33,2
49,2017-12-04,2,1,0,6,49,SVH Langara,Registered Nurse-DC2B,0.14,1
50,2017-12-11,3,0,0,6,50,SVH Langara,Registered Nurse-DC2B,0.38,3
51,2017-12-18,0,0,0,5,51,SVH Langara,Registered Nurse-DC2B,0.27,2
52,2017-12-25,2,0,0,4,52,SVH Langara,Registered Nurse-DC2B,0.09,1
1,2017-01-02,25,32,2,63,1,Brock Fahrni,Registered Nurse-DC1,0.39,13
2,2017-01-09,23,28,0,58,2,Brock Fahrni,Registered Nurse-DC1,0.14,4
3,2017-01-16,31,24,0,55,3,Brock Fahrni,Registered Nurse-DC1,0.31,8
4,2017-01-23,22,24,0,56,4,Brock Fahrni,Registered Nurse-DC1,0.32,8
5,2017-01-30,27,26,0,56,5,Brock Fahrni,Registered Nurse-DC1,0.18,5
6,2017-02-06,30,28,0,59,6,Brock Fahrni,Registered Nurse-DC1,0.29,8
7,2017-02-13,25,29,0,60,7,Brock Fahrni,Registered Nurse-DC1,0.38,11
8,2017-02-20,28,30,0,61,8,Brock Fahrni,Registered Nurse-DC1,0.23,7
9,2017-02-27,28,31,1,61,9,Brock Fahrni,Registered Nurse-DC1,0.36,11
10,2017-03-06,30,31,1,61,10,Brock Fahrni,Registered Nurse-DC1,0.06,2
11,2017-03-13,27,30,0,62,11,Brock Fahrni,Registered Nurse-DC1,0.03,1
12,2017-03-20,25,28,0,58,12,Brock Fahrni,Registered Nurse-DC1,0.02,1
13,2017-03-27,19,25,0,55,13,Brock Fahrni,Registered Nurse-DC1,0.12,3
14,2017-04-03,20,24,0,56,14,Brock Fahrni,Registered Nurse-DC1,0.13,3
15,2017-04-10,26,26,0,57,15,Brock Fahrni,Registered Nurse-DC1,0.25,7
16,2017-04-17,34,30,0,60,16,Brock Fahrni,Registered Nurse-DC1,0.05,2
17,2017-04-24,23,33,3,63,17,Brock Fahrni,Registered Nurse-DC1,0.18,6
18,2017-05-01,33,33,2,63,18,Brock Fahrni,Registered Nurse-DC1,0.18,6
19,2017-05-08,31,31,1,61,19,Brock Fahrni,Registered Nurse-DC1,0.26,8
20,2017-05-15,37,29,0,60,20,Brock Fahrni,Registered Nurse-DC1,0.29,8
21,2017-05-22,64,28,0,58,21,Brock Fahrni,Registered Nurse-DC1,0.32,9
22,2017-05-29,28,29,0,59,22,Brock Fahrni,Registered Nurse-DC1,0.11,3
23,2017-06-05,38,31,1,62,23,Brock Fahrni,Registered Nurse-DC1,0.13,4
24,2017-06-12,31,33,2,63,24,Brock Fahrni,Registered Nurse-DC1,0.02,1
25,2017-06-19,30,33,3,64,25,Brock Fahrni,Registered Nurse-DC1,0.01,0
26,2017-06-26,30,33,3,65,26,Brock Fahrni,Registered Nurse-DC1,0.21,7
27,2017-07-03,32,33,2,64,27,Brock Fahrni,Registered Nurse-DC1,0.19,6
28,2017-07-10,38,34,3,65,28,Brock Fahrni,Registered Nurse-DC1,0.08,3
29,2017-07-17,27,34,4,65,29,Brock Fahrni,Registered Nurse-DC1,0.07,2
30,2017-07-24,35,35,5,65,30,Brock Fahrni,Registered Nurse-DC1,0.25,9
31,2017-07-31,33,35,5,65,31,Brock Fahrni,Registered Nurse-DC1,0.36,13
32,2017-08-07,30,35,4,66,32,Brock Fahrni,Registered Nurse-DC1,0.34,12
33,2017-08-14,28,34,4,65,33,Brock Fahrni,Registered Nurse-DC1,0.24,8
34,2017-08-21,35,33,3,64,34,Brock Fahrni,Registered Nurse-DC1,0.35,12
35,2017-08-28,26,31,0,61,35,Brock Fahrni,Registered Nurse-DC1,0.06,2
36,2017-09-04,51,28,0,59,36,Brock Fahrni,Registered Nurse-DC1,0.21,6
37,2017-09-11,34,26,0,56,37,Brock Fahrni,Registered Nurse-DC1,0.14,4
38,2017-09-18,37,25,0,56,38,Brock Fahrni,Registered Nurse-DC1,0.2,5
39,2017-09-25,35,27,0,58,39,Brock Fahrni,Registered Nurse-DC1,0,0
40,2017-10-02,28,30,0,61,40,Brock Fahrni,Registered Nurse-DC1,0.03,1
41,2017-10-09,50,32,1,62,41,Brock Fahrni,Registered Nurse-DC1,0.36,12
42,2017-10-16,36,32,1,63,42,Brock Fahrni,Registered Nurse-DC1,0.39,12
43,2017-10-23,40,31,0,62,43,Brock Fahrni,Registered Nurse-DC1,0.36,11
44,2017-10-30,42,29,0,59,44,Brock Fahrni,Registered Nurse-DC1,0.31,10
45,2017-11-06,61,28,0,59,45,Brock Fahrni,Registered Nurse-DC1,0.04,1
46,2017-11-13,33,27,0,59,46,Brock Fahrni,Registered Nurse-DC1,0.18,5
47,2017-11-20,32,26,0,57,47,Brock Fahrni,Registered Nurse-DC1,0.07,2
48,2017-11-27,31,26,0,56,48,Brock Fahrni,Registered Nurse-DC1,0.31,8
49,2017-12-04,30,27,0,58,49,Brock Fahrni,Registered Nurse-DC1,0.3,8
50,2017-12-11,33,31,1,62,50,Brock Fahrni,Registered Nurse-DC1,0.37,12
51,2017-12-18,39,35,5,65,51,Brock Fahrni,Registered Nurse-DC1,0.37,13
52,2017-12-25,25,31,4,58,52,Brock Fahrni,Registered Nurse-DC1,0.17,5
1,2017-01-02,1,4,0,12,1,Brock Fahrni,Registered Nurse-DC2A Sup,0.2,2
2,2017-01-09,1,3,0,11,2,Brock Fahrni,Registered Nurse-DC2A Sup,0.36,3
3,2017-01-16,2,4,0,12,3,Brock Fahrni,Registered Nurse-DC2A Sup,0.17,1
4,2017-01-23,5,4,0,13,4,Brock Fahrni,Registered Nurse-DC2A Sup,0.11,1
5,2017-01-30,4,5,0,13,5,Brock Fahrni,Registered Nurse-DC2A Sup,0.07,1
6,2017-02-06,3,5,0,13,6,Brock Fahrni,Registered Nurse-DC2A Sup,0.04,0
7,2017-02-13,7,4,0,11,7,Brock Fahrni,Registered Nurse-DC2A Sup,0.27,2
8,2017-02-20,3,3,0,11,8,Brock Fahrni,Registered Nurse-DC2A Sup,0.15,1
9,2017-02-27,0,3,0,11,9,Brock Fahrni,Registered Nurse-DC2A Sup,0.33,3
10,2017-03-06,0,3,0,11,10,Brock Fahrni,Registered Nurse-DC2A Sup,0.16,1
11,2017-03-13,2,3,0,11,11,Brock Fahrni,Registered Nurse-DC2A Sup,0.01,0
12,2017-03-20,1,3,0,11,12,Brock Fahrni,Registered Nurse-DC2A Sup,0.33,3
13,2017-03-27,1,3,0,10,13,Brock Fahrni,Registered Nurse-DC2A Sup,0.26,2
14,2017-04-03,1,3,0,11,14,Brock Fahrni,Registered Nurse-DC2A Sup,0.13,1
15,2017-04-10,0,4,0,11,15,Brock Fahrni,Registered Nurse-DC2A Sup,0.06,1
16,2017-04-17,5,3,0,11,16,Brock Fahrni,Registered Nurse-DC2A Sup,0.07,1
17,2017-04-24,5,2,0,10,17,Brock Fahrni,Registered Nurse-DC2A Sup,0.22,2
18,2017-05-01,6,2,0,9,18,Brock Fahrni,Registered Nurse-DC2A Sup,0.11,1
19,2017-05-08,5,2,0,10,19,Brock Fahrni,Registered Nurse-DC2A Sup,0.37,3
20,2017-05-15,6,2,0,10,20,Brock Fahrni,Registered Nurse-DC2A Sup,0.3,2
21,2017-05-22,8,2,0,10,21,Brock Fahrni,Registered Nurse-DC2A Sup,0.29,2
22,2017-05-29,5,1,0,9,22,Brock Fahrni,Registered Nurse-DC2A Sup,0.34,3
23,2017-06-05,8,0,0,8,23,Brock Fahrni,Registered Nurse-DC2A Sup,0.05,0
24,2017-06-12,3,1,0,9,24,Brock Fahrni,Registered Nurse-DC2A Sup,0.31,2
25,2017-06-19,10,3,0,11,25,Brock Fahrni,Registered Nurse-DC2A Sup,0.19,2
26,2017-06-26,5,4,0,12,26,Brock Fahrni,Registered Nurse-DC2A Sup,0.27,2
27,2017-07-03,4,3,0,11,27,Brock Fahrni,Registered Nurse-DC2A Sup,0.25,2
28,2017-07-10,5,2,0,10,28,Brock Fahrni,Registered Nurse-DC2A Sup,0.4,3
29,2017-07-17,5,1,0,8,29,Brock Fahrni,Registered Nurse-DC2A Sup,0.12,1
30,2017-07-24,2,1,0,9,30,Brock Fahrni,Registered Nurse-DC2A Sup,0.21,2
31,2017-07-31,0,1,0,9,31,Brock Fahrni,Registered Nurse-DC2A Sup,0.28,2
32,2017-08-07,1,1,0,9,32,Brock Fahrni,Registered Nurse-DC2A Sup,0.02,0
33,2017-08-14,5,1,0,8,33,Brock Fahrni,Registered Nurse-DC2A Sup,0.14,1
34,2017-08-21,5,1,0,9,34,Brock Fahrni,Registered Nurse-DC2A Sup,0.15,1
35,2017-08-28,4,2,0,10,35,Brock Fahrni,Registered Nurse-DC2A Sup,0.3,2
36,2017-09-04,4,4,0,12,36,Brock Fahrni,Registered Nurse-DC2A Sup,0.1,1
37,2017-09-11,5,4,0,12,37,Brock Fahrni,Registered Nurse-DC2A Sup,0.18,2
38,2017-09-18,4,3,0,11,38,Brock Fahrni,Registered Nurse-DC2A Sup,0.23,2
39,2017-09-25,5,1,0,9,39,Brock Fahrni,Registered Nurse-DC2A Sup,0.3,2
40,2017-10-02,5,1,0,9,40,Brock Fahrni,Registered Nurse-DC2A Sup,0.32,2
41,2017-10-09,10,1,0,9,41,Brock Fahrni,Registered Nurse-DC2A Sup,0.22,1
42,2017-10-16,9,2,0,10,42,Brock Fahrni,Registered Nurse-DC2A Sup,0.18,1
43,2017-10-23,5,1,0,9,43,Brock Fahrni,Registered Nurse-DC2A Sup,0.29,2
44,2017-10-30,9,0,0,8,44,Brock Fahrni,Registered Nurse-DC2A Sup,0.09,1
45,2017-11-06,8,0,0,8,45,Brock Fahrni,Registered Nurse-DC2A Sup,0.26,2
46,2017-11-13,10,0,0,8,46,Brock Fahrni,Registered Nurse-DC2A Sup,0.11,1
47,2017-11-20,9,1,0,9,47,Brock Fahrni,Registered Nurse-DC2A Sup,0.02,0
48,2017-11-27,6,1,0,9,48,Brock Fahrni,Registered Nurse-DC2A Sup,0.02,0
49,2017-12-04,4,1,0,9,49,Brock Fahrni,Registered Nurse-DC2A Sup,0.11,1
50,2017-12-11,1,1,0,9,50,Brock Fahrni,Registered Nurse-DC2A Sup,0.02,0
51,2017-12-18,4,2,0,10,51,Brock Fahrni,Registered Nurse-DC2A Sup,0.13,1
52,2017-12-25,3,2,0,9,52,Brock Fahrni,Registered Nurse-DC2A Sup,0.31,2
1,2017-01-02,5,1,0,5,1,Brock Fahrni,Registered Nurse-DC2B,0.14,1
2,2017-01-09,6,0,0,4,2,Brock Fahrni,Registered Nurse-DC2B,0.15,1
3,2017-01-16,5,0,0,4,3,Brock Fahrni,Registered Nurse-DC2B,0.29,2
4,2017-01-23,4,1,0,4,4,Brock Fahrni,Registered Nurse-DC2B,0.08,1
5,2017-01-30,0,1,0,5,5,Brock Fahrni,Registered Nurse-DC2B,0.33,3
6,2017-02-06,0,1,0,5,6,Brock Fahrni,Registered Nurse-DC2B,0.3,2
7,2017-02-13,0,1,0,5,7,Brock Fahrni,Registered Nurse-DC2B,0.12,1
8,2017-02-20,0,0,0,4,8,Brock Fahrni,Registered Nurse-DC2B,0.18,1
9,2017-02-27,0,0,0,4,9,Brock Fahrni,Registered Nurse-DC2B,0.37,2
10,2017-03-06,1,1,0,4,10,Brock Fahrni,Registered Nurse-DC2B,0.3,2
11,2017-03-13,0,1,0,5,11,Brock Fahrni,Registered Nurse-DC2B,0.34,2
12,2017-03-20,0,1,0,5,12,Brock Fahrni,Registered Nurse-DC2B,0.09,1
13,2017-03-27,1,1,0,5,13,Brock Fahrni,Registered Nurse-DC2B,0.4,3
14,2017-04-03,0,1,0,4,14,Brock Fahrni,Registered Nurse-DC2B,0.32,2
15,2017-04-10,0,0,0,4,15,Brock Fahrni,Registered Nurse-DC2B,0.08,1
16,2017-04-17,0,0,0,4,16,Brock Fahrni,Registered Nurse-DC2B,0.2,1
17,2017-04-24,0,0,0,4,17,Brock Fahrni,Registered Nurse-DC2B,0.12,1
18,2017-05-01,0,0,0,4,18,Brock Fahrni,Registered Nurse-DC2B,0.38,3
19,2017-05-08,1,0,0,4,19,Brock Fahrni,Registered Nurse-DC2B,0.16,1
20,2017-05-15,1,0,0,4,20,Brock Fahrni,Registered Nurse-DC2B,0.2,1
21,2017-05-22,5,0,0,4,21,Brock Fahrni,Registered Nurse-DC2B,0.38,3
22,2017-05-29,2,0,0,4,22,Brock Fahrni,Registered Nurse-DC2B,0.15,1
23,2017-06-05,1,0,0,4,23,Brock Fahrni,Registered Nurse-DC2B,0.13,1
24,2017-06-12,5,1,0,5,24,Brock Fahrni,Registered Nurse-DC2B,0.18,1
25,2017-06-19,5,1,0,5,25,Brock Fahrni,Registered Nurse-DC2B,0.13,1
26,2017-06-26,4,1,0,5,26,Brock Fahrni,Registered Nurse-DC2B,0.08,1
27,2017-07-03,5,1,0,5,27,Brock Fahrni,Registered Nurse-DC2B,0.18,1
28,2017-07-10,5,2,0,6,28,Brock Fahrni,Registered Nurse-DC2B,0.06,0
29,2017-07-17,5,3,0,7,29,Brock Fahrni,Registered Nurse-DC2B,0.17,1
30,2017-07-24,5,3,0,7,30,Brock Fahrni,Registered Nurse-DC2B,0.33,2
31,2017-07-31,4,2,0,6,31,Brock Fahrni,Registered Nurse-DC2B,0.23,2
32,2017-08-07,5,1,0,5,32,Brock Fahrni,Registered Nurse-DC2B,0,0
33,2017-08-14,0,1,0,4,33,Brock Fahrni,Registered Nurse-DC2B,0.29,2
34,2017-08-21,0,1,0,5,34,Brock Fahrni,Registered Nurse-DC2B,0.02,0
35,2017-08-28,0,1,0,5,35,Brock Fahrni,Registered Nurse-DC2B,0.07,0
36,2017-09-04,0,1,0,5,36,Brock Fahrni,Registered Nurse-DC2B,0.08,1
37,2017-09-11,0,0,0,4,37,Brock Fahrni,Registered Nurse-DC2B,0.29,2
38,2017-09-18,0,0,0,4,38,Brock Fahrni,Registered Nurse-DC2B,0.08,1
39,2017-09-25,0,0,0,4,39,Brock Fahrni,Registered Nurse-DC2B,0.04,0
40,2017-10-02,0,0,0,4,40,Brock Fahrni,Registered Nurse-DC2B,0.36,3
41,2017-10-09,0,1,0,5,41,Brock Fahrni,Registered Nurse-DC2B,0.05,0
42,2017-10-16,0,1,0,4,42,Brock Fahrni,Registered Nurse-DC2B,0.19,1
43,2017-10-23,0,0,0,4,43,Brock Fahrni,Registered Nurse-DC2B,0.4,3
44,2017-10-30,0,0,0,4,44,Brock Fahrni,Registered Nurse-DC2B,0.14,1
45,2017-11-06,0,0,0,4,45,Brock Fahrni,Registered Nurse-DC2B,0.14,1
46,2017-11-13,0,1,0,5,46,Brock Fahrni,Registered Nurse-DC2B,0.25,2
47,2017-11-20,0,1,0,4,47,Brock Fahrni,Registered Nurse-DC2B,0.18,1
48,2017-11-27,5,0,0,4,48,Brock Fahrni,Registered Nurse-DC2B,0.26,2
49,2017-12-04,5,1,0,4,49,Brock Fahrni,Registered Nurse-DC2B,0.18,1
50,2017-12-11,5,1,0,5,50,Brock Fahrni,Registered Nurse-DC2B,0.23,2
51,2017-12-18,0,2,0,6,51,Brock Fahrni,Registered Nurse-DC2B,0.15,1
52,2017-12-25,0,2,0,5,52,Brock Fahrni,Registered Nurse-DC2B,0.23,1
1,2017-01-02,85,56,0,136,1,Holy Family,Registered Nurse-DC1,0.02,1
2,2017-01-09,49,63,0,146,2,Holy Family,Registered Nurse-DC1,0.36,23
3,2017-01-16,88,64,0,144,3,Holy Family,Registered Nurse-DC1,0.28,18
4,2017-01-23,62,59,0,141,4,Holy Family,Registered Nurse-DC1,0.39,23
5,2017-01-30,99,58,0,138,5,Holy Family,Registered Nurse-DC1,0.22,13
6,2017-02-06,66,64,0,146,6,Holy Family,Registered Nurse-DC1,0.17,11
7,2017-02-13,61,72,0,152,7,Holy Family,Registered Nurse-DC1,0,0
8,2017-02-20,53,75,0,156,8,Holy Family,Registered Nurse-DC1,0.1,8
9,2017-02-27,60,72,0,153,9,Holy Family,Registered Nurse-DC1,0.3,22
10,2017-03-06,42,68,0,147,10,Holy Family,Registered Nurse-DC1,0.38,26
11,2017-03-13,70,66,0,146,11,Holy Family,Registered Nurse-DC1,0.29,19
12,2017-03-20,79,67,0,150,12,Holy Family,Registered Nurse-DC1,0.33,22
13,2017-03-27,65,65,0,148,13,Holy Family,Registered Nurse-DC1,0.04,3
14,2017-04-03,74,62,0,144,14,Holy Family,Registered Nurse-DC1,0.29,18
15,2017-04-10,47,62,0,142,15,Holy Family,Registered Nurse-DC1,0.23,14
16,2017-04-17,62,66,0,146,16,Holy Family,Registered Nurse-DC1,0.04,3
17,2017-04-24,44,69,0,149,17,Holy Family,Registered Nurse-DC1,0.08,6
18,2017-05-01,40,67,0,149,18,Holy Family,Registered Nurse-DC1,0.17,11
19,2017-05-08,56,60,0,140,19,Holy Family,Registered Nurse-DC1,0.17,10
20,2017-05-15,54,55,0,136,20,Holy Family,Registered Nurse-DC1,0.32,18
21,2017-05-22,51,59,0,140,21,Holy Family,Registered Nurse-DC1,0.26,15
22,2017-05-29,72,68,0,150,22,Holy Family,Registered Nurse-DC1,0.16,11
23,2017-06-05,53,75,0,158,23,Holy Family,Registered Nurse-DC1,0.08,6
24,2017-06-12,47,74,0,155,24,Holy Family,Registered Nurse-DC1,0.34,25
25,2017-06-19,62,69,0,151,25,Holy Family,Registered Nurse-DC1,0.1,7
26,2017-06-26,51,66,0,146,26,Holy Family,Registered Nurse-DC1,0.22,15
27,2017-07-03,73,67,0,148,27,Holy Family,Registered Nurse-DC1,0.26,17
28,2017-07-10,59,69,0,150,28,Holy Family,Registered Nurse-DC1,0.37,26
29,2017-07-17,76,69,0,150,29,Holy Family,Registered Nurse-DC1,0.4,28
30,2017-07-24,78,68,0,147,30,Holy Family,Registered Nurse-DC1,0.4,27
31,2017-07-31,59,68,0,150,31,Holy Family,Registered Nurse-DC1,0.4,27
32,2017-08-07,80,69,0,149,32,Holy Family,Registered Nurse-DC1,0.28,19
33,2017-08-14,62,68,0,150,33,Holy Family,Registered Nurse-DC1,0.27,18
34,2017-08-21,58,63,0,142,34,Holy Family,Registered Nurse-DC1,0.11,7
35,2017-08-28,64,58,0,139,35,Holy Family,Registered Nurse-DC1,0.01,1
36,2017-09-04,87,59,0,138,36,Holy Family,Registered Nurse-DC1,0.4,24
37,2017-09-11,77,65,0,143,37,Holy Family,Registered Nurse-DC1,0.08,5
38,2017-09-18,61,71,0,151,38,Holy Family,Registered Nurse-DC1,0.19,13
39,2017-09-25,90,71,0,152,39,Holy Family,Registered Nurse-DC1,0.32,23
40,2017-10-02,56,65,0,148,40,Holy Family,Registered Nurse-DC1,0.3,20
41,2017-10-09,72,61,0,142,41,Holy Family,Registered Nurse-DC1,0.09,5
42,2017-10-16,52,62,0,142,42,Holy Family,Registered Nurse-DC1,0.11,7
43,2017-10-23,54,63,0,145,43,Holy Family,Registered Nurse-DC1,0.06,4
44,2017-10-30,103,60,0,141,44,Holy Family,Registered Nurse-DC1,0.3,18
45,2017-11-06,75,52,0,134,45,Holy Family,Registered Nurse-DC1,0.27,14
46,2017-11-13,83,50,0,129,46,Holy Family,Registered Nurse-DC1,0.37,19
47,2017-11-20,83,57,0,138,47,Holy Family,Registered Nurse-DC1,0.23,13
48,2017-11-27,131,70,0,152,48,Holy Family,Registered Nurse-DC1,0.09,6
49,2017-12-04,74,75,0,157,49,Holy Family,Registered Nurse-DC1,0.3,23
50,2017-12-11,58,69,0,147,50,Holy Family,Registered Nurse-DC1,0.35,24
51,2017-12-18,68,58,0,139,51,Holy Family,Registered Nurse-DC1,0.03,2
52,2017-12-25,53,44,0,113,52,Holy Family,Registered Nurse-DC1,0.15,7
1,2017-01-02,7,4,0,15,1,Holy Family,Registered Nurse-DC2A Sup,0.25,3
2,2017-01-09,5,4,0,16,2,Holy Family,Registered Nurse-DC2A Sup,0.38,4
3,2017-01-16,15,4,0,16,3,Holy Family,Registered Nurse-DC2A Sup,0.15,2
4,2017-01-23,3,4,0,16,4,Holy Family,Registered Nurse-DC2A Sup,0.13,2
5,2017-01-30,9,4,0,15,5,Holy Family,Registered Nurse-DC2A Sup,0.4,5
6,2017-02-06,1,3,0,15,6,Holy Family,Registered Nurse-DC2A Sup,0.15,2
7,2017-02-13,6,3,0,15,7,Holy Family,Registered Nurse-DC2A Sup,0.09,1
8,2017-02-20,3,4,0,16,8,Holy Family,Registered Nurse-DC2A Sup,0.27,3
9,2017-02-27,12,6,0,18,9,Holy Family,Registered Nurse-DC2A Sup,0.01,0
10,2017-03-06,4,7,0,18,10,Holy Family,Registered Nurse-DC2A Sup,0.37,4
11,2017-03-13,6,6,0,18,11,Holy Family,Registered Nurse-DC2A Sup,0.14,2
12,2017-03-20,16,6,0,17,12,Holy Family,Registered Nurse-DC2A Sup,0.01,0
13,2017-03-27,15,6,0,18,13,Holy Family,Registered Nurse-DC2A Sup,0.22,3
14,2017-04-03,10,6,0,17,14,Holy Family,Registered Nurse-DC2A Sup,0.11,1
15,2017-04-10,1,6,0,18,15,Holy Family,Registered Nurse-DC2A Sup,0.24,3
16,2017-04-17,5,6,0,17,16,Holy Family,Registered Nurse-DC2A Sup,0.36,4
17,2017-04-24,6,6,0,17,17,Holy Family,Registered Nurse-DC2A Sup,0.19,2
18,2017-05-01,7,6,0,18,18,Holy Family,Registered Nurse-DC2A Sup,0.35,4
19,2017-05-08,5,6,0,18,19,Holy Family,Registered Nurse-DC2A Sup,0.28,3
20,2017-05-15,4,6,0,18,20,Holy Family,Registered Nurse-DC2A Sup,0.31,3
21,2017-05-22,3,6,0,17,21,Holy Family,Registered Nurse-DC2A Sup,0.06,1
22,2017-05-29,3,5,0,17,22,Holy Family,Registered Nurse-DC2A Sup,0.25,3
23,2017-06-05,2,5,0,17,23,Holy Family,Registered Nurse-DC2A Sup,0,0
24,2017-06-12,1,5,0,17,24,Holy Family,Registered Nurse-DC2A Sup,0.4,5
25,2017-06-19,2,5,0,17,25,Holy Family,Registered Nurse-DC2A Sup,0.03,0
26,2017-06-26,2,5,0,17,26,Holy Family,Registered Nurse-DC2A Sup,0.33,4
27,2017-07-03,1,4,0,16,27,Holy Family,Registered Nurse-DC2A Sup,0.38,4
28,2017-07-10,3,4,0,16,28,Holy Family,Registered Nurse-DC2A Sup,0.36,4
29,2017-07-17,5,4,0,15,29,Holy Family,Registered Nurse-DC2A Sup,0.13,1
30,2017-07-24,4,4,0,16,30,Holy Family,Registered Nurse-DC2A Sup,0.23,3
31,2017-07-31,5,5,0,17,31,Holy Family,Registered Nurse-DC2A Sup,0.29,3
32,2017-08-07,10,8,0,19,32,Holy Family,Registered Nurse-DC2A Sup,0.34,5
33,2017-08-14,13,9,0,21,33,Holy Family,Registered Nurse-DC2A Sup,0.04,1
34,2017-08-21,11,10,0,21,34,Holy Family,Registered Nurse-DC2A Sup,0.29,5
35,2017-08-28,12,8,0,20,35,Holy Family,Registered Nurse-DC2A Sup,0.12,2
36,2017-09-04,11,6,0,18,36,Holy Family,Registered Nurse-DC2A Sup,0.16,2
37,2017-09-11,1,4,0,16,37,Holy Family,Registered Nurse-DC2A Sup,0.11,1
38,2017-09-18,5,4,0,16,38,Holy Family,Registered Nurse-DC2A Sup,0.28,3
39,2017-09-25,7,4,0,16,39,Holy Family,Registered Nurse-DC2A Sup,0.13,1
40,2017-10-02,5,5,0,16,40,Holy Family,Registered Nurse-DC2A Sup,0.08,1
41,2017-10-09,1,5,0,16,41,Holy Family,Registered Nurse-DC2A Sup,0.14,2
42,2017-10-16,7,5,0,17,42,Holy Family,Registered Nurse-DC2A Sup,0.28,3
43,2017-10-23,1,5,0,17,43,Holy Family,Registered Nurse-DC2A Sup,0.1,1
44,2017-10-30,0,5,0,17,44,Holy Family,Registered Nurse-DC2A Sup,0.03,0
45,2017-11-06,1,5,0,16,45,Holy Family,Registered Nurse-DC2A Sup,0.08,1
46,2017-11-13,1,4,0,16,46,Holy Family,Registered Nurse-DC2A Sup,0.36,4
47,2017-11-20,1,3,0,15,47,Holy Family,Registered Nurse-DC2A Sup,0.25,3
48,2017-11-27,5,4,0,15,48,Holy Family,Registered Nurse-DC2A Sup,0.16,2
49,2017-12-04,6,5,0,17,49,Holy Family,Registered Nurse-DC2A Sup,0.35,4
50,2017-12-11,8,6,0,18,50,Holy Family,Registered Nurse-DC2A Sup,0.05,1
51,2017-12-18,9,6,0,18,51,Holy Family,Registered Nurse-DC2A Sup,0.17,2
52,2017-12-25,8,4,0,14,52,Holy Family,Registered Nurse-DC2A Sup,0.32,3
1,2017-01-02,1,2,0,8,1,Holy Family,Registered Nurse-DC2B,0.04,0
2,2017-01-09,3,2,0,8,2,Holy Family,Registered Nurse-DC2B,0.17,1
3,2017-01-16,0,2,0,8,3,Holy Family,Registered Nurse-DC2B,0.28,2
4,2017-01-23,5,2,0,8,4,Holy Family,Registered Nurse-DC2B,0.38,3
5,2017-01-30,4,2,0,8,5,Holy Family,Registered Nurse-DC2B,0.23,2
6,2017-02-06,0,2,0,8,6,Holy Family,Registered Nurse-DC2B,0.36,3
7,2017-02-13,0,2,0,8,7,Holy Family,Registered Nurse-DC2B,0.21,2
8,2017-02-20,0,2,0,8,8,Holy Family,Registered Nurse-DC2B,0.32,3
9,2017-02-27,1,2,0,7,9,Holy Family,Registered Nurse-DC2B,0.33,3
10,2017-03-06,2,2,0,7,10,Holy Family,Registered Nurse-DC2B,0.39,4
11,2017-03-13,0,1,0,7,11,Holy Family,Registered Nurse-DC2B,0.15,1
12,2017-03-20,4,1,0,7,12,Holy Family,Registered Nurse-DC2B,0.09,1
13,2017-03-27,1,1,0,7,13,Holy Family,Registered Nurse-DC2B,0.02,0
14,2017-04-03,0,2,0,7,14,Holy Family,Registered Nurse-DC2B,0.31,2
15,2017-04-10,1,3,0,8,15,Holy Family,Registered Nurse-DC2B,0.01,0
16,2017-04-17,5,3,0,9,16,Holy Family,Registered Nurse-DC2B,0.34,3
17,2017-04-24,5,4,0,9,17,Holy Family,Registered Nurse-DC2B,0.11,1
18,2017-05-01,5,4,0,10,18,Holy Family,Registered Nurse-DC2B,0,0
19,2017-05-08,0,4,0,9,19,Holy Family,Registered Nurse-DC2B,0.07,1
20,2017-05-15,0,3,0,8,20,Holy Family,Registered Nurse-DC2B,0.24,2
21,2017-05-22,2,2,0,7,21,Holy Family,Registered Nurse-DC2B,0.23,2
22,2017-05-29,1,1,0,7,22,Holy Family,Registered Nurse-DC2B,0.34,2
23,2017-06-05,0,1,0,7,23,Holy Family,Registered Nurse-DC2B,0.17,1
24,2017-06-12,0,1,0,7,24,Holy Family,Registered Nurse-DC2B,0.26,2
25,2017-06-19,0,2,0,7,25,Holy Family,Registered Nurse-DC2B,0.23,2
26,2017-06-26,3,2,0,8,26,Holy Family,Registered Nurse-DC2B,0.03,0
27,2017-07-03,4,2,0,7,27,Holy Family,Registered Nurse-DC2B,0.02,0
28,2017-07-10,6,2,0,7,28,Holy Family,Registered Nurse-DC2B,0.06,0
29,2017-07-17,1,2,0,7,29,Holy Family,Registered Nurse-DC2B,0.05,0
30,2017-07-24,0,2,0,8,30,Holy Family,Registered Nurse-DC2B,0.15,1
31,2017-07-31,1,3,0,9,31,Holy Family,Registered Nurse-DC2B,0.31,2
32,2017-08-07,5,4,0,9,32,Holy Family,Registered Nurse-DC2B,0.21,1
33,2017-08-14,4,4,0,9,33,Holy Family,Registered Nurse-DC2B,0.02,0
34,2017-08-21,1,3,0,8,34,Holy Family,Registered Nurse-DC2B,0.22,2
35,2017-08-28,0,2,0,7,35,Holy Family,Registered Nurse-DC2B,0.15,1
36,2017-09-04,0,1,0,7,36,Holy Family,Registered Nurse-DC2B,0.22,2
37,2017-09-11,5,1,0,7,37,Holy Family,Registered Nurse-DC2B,0.16,1
38,2017-09-18,1,2,0,7,38,Holy Family,Registered Nurse-DC2B,0.4,3
39,2017-09-25,1,2,0,7,39,Holy Family,Registered Nurse-DC2B,0.14,1
40,2017-10-02,2,1,0,7,40,Holy Family,Registered Nurse-DC2B,0.06,1
41,2017-10-09,1,1,0,7,41,Holy Family,Registered Nurse-DC2B,0.3,3
42,2017-10-16,0,1,0,7,42,Holy Family,Registered Nurse-DC2B,0.23,2
43,2017-10-23,1,2,0,7,43,Holy Family,Registered Nurse-DC2B,0,0
44,2017-10-30,5,2,0,7,44,Holy Family,Registered Nurse-DC2B,0.35,2
45,2017-11-06,4,2,0,7,45,Holy Family,Registered Nurse-DC2B,0.37,3
46,2017-11-13,0,1,0,7,46,Holy Family,Registered Nurse-DC2B,0.23,2
47,2017-11-20,2,1,0,7,47,Holy Family,Registered Nurse-DC2B,0.19,1
48,2017-11-27,3,2,0,8,48,Holy Family,Registered Nurse-DC2B,0.14,1
49,2017-12-04,6,4,0,9,49,Holy Family,Registered Nurse-DC2B,0,0
50,2017-12-11,2,4,0,10,50,Holy Family,Registered Nurse-DC2B,0.01,0
51,2017-12-18,4,4,0,10,51,Holy Family,Registered Nurse-DC2B,0.33,3
52,2017-12-25,3,3,0,8,52,Holy Family,Registered Nurse-DC2B,0.16,1